-- MySQL dump 10.13  Distrib 8.0.28, for Win64 (x86_64)
--
-- Host: db-saga.cklcydxq28la.us-east-1.rds.amazonaws.com    Database: dbsaga
-- ------------------------------------------------------
-- Server version	8.0.28

/*!40101 SET @OLD_CHARACTER_SET_CLIENT=@@CHARACTER_SET_CLIENT */;
/*!40101 SET @OLD_CHARACTER_SET_RESULTS=@@CHARACTER_SET_RESULTS */;
/*!40101 SET @OLD_COLLATION_CONNECTION=@@COLLATION_CONNECTION */;
/*!50503 SET NAMES utf8mb4 */;
/*!40103 SET @OLD_TIME_ZONE=@@TIME_ZONE */;
/*!40103 SET TIME_ZONE='+00:00' */;
/*!40014 SET @OLD_UNIQUE_CHECKS=@@UNIQUE_CHECKS, UNIQUE_CHECKS=0 */;
/*!40014 SET @OLD_FOREIGN_KEY_CHECKS=@@FOREIGN_KEY_CHECKS, FOREIGN_KEY_CHECKS=0 */;
/*!40101 SET @OLD_SQL_MODE=@@SQL_MODE, SQL_MODE='NO_AUTO_VALUE_ON_ZERO' */;
/*!40111 SET @OLD_SQL_NOTES=@@SQL_NOTES, SQL_NOTES=0 */;
SET @MYSQLDUMP_TEMP_LOG_BIN = @@SESSION.SQL_LOG_BIN;
SET @@SESSION.SQL_LOG_BIN= 0;

--
-- GTID state at the beginning of the backup 
--

SET @@GLOBAL.GTID_PURGED=/*!80000 '+'*/ '';

--
-- Table structure for table `SequelizeMeta`
--

DROP TABLE IF EXISTS `SequelizeMeta`;
/*!40101 SET @saved_cs_client     = @@character_set_client */;
/*!50503 SET character_set_client = utf8mb4 */;
CREATE TABLE `SequelizeMeta` (
  `name` varchar(255) CHARACTER SET utf8 COLLATE utf8_unicode_ci NOT NULL,
  PRIMARY KEY (`name`),
  UNIQUE KEY `name` (`name`)
) ENGINE=InnoDB DEFAULT CHARSET=utf8mb3 COLLATE=utf8_unicode_ci;
/*!40101 SET character_set_client = @saved_cs_client */;

--
-- Dumping data for table `SequelizeMeta`
--

LOCK TABLES `SequelizeMeta` WRITE;
/*!40000 ALTER TABLE `SequelizeMeta` DISABLE KEYS */;
INSERT INTO `SequelizeMeta` VALUES ('20220508184724-update-foreignKeys-for-delete-cascade.js'),('20220513133823-remove-foreign-key-in-students.js'),('20220515013502-add-new-column-to-users-table.js'),('20220519120858-new-pivot-table-studentClasses.js'),('20220521164121-move-frequencyColumn-to-studentClasses.js'),('20220529145145-new-table-schoolCalls.js'),('20220603101827-ajustment-in-evaluation-table.js'),('20220605180151-add-column-gang-in-schoolcall.js'),('20220618165532-edit-tables-to-integrate-bulletin.js'),('20220622114657-new-columns-in-bulletin.js'),('20220711141124-delete-userpermissions-and-add-roles-and-permissionsroles-table.js'),('20220714170828-edit-evaluations-and-bulletin-tables.js'),('20220721142728-rename-column-in-school-calls.js'),('20220918181752-add-url-avatar-column-in-users-table.js'),('20220930103432-change-reset-password-type.js'),('20221011155518-create-tables-to-troubleshoot-database-structural-problems.js'),('20221014205226-removing-redundant-data.js'),('20221102135130-new-columns-in-user-table.js'),('20221107223617-create-ptds-table.js');
/*!40000 ALTER TABLE `SequelizeMeta` ENABLE KEYS */;
UNLOCK TABLES;

--
-- Table structure for table `bulletin`
--

DROP TABLE IF EXISTS `bulletin`;
/*!40101 SET @saved_cs_client     = @@character_set_client */;
/*!50503 SET character_set_client = utf8mb4 */;
CREATE TABLE `bulletin` (
  `id` int NOT NULL AUTO_INCREMENT,
  `idTeacher` int NOT NULL,
  `grade1Bim` varchar(10) DEFAULT NULL,
  `grade2Bim` varchar(10) DEFAULT NULL,
  `grade3Bim` varchar(10) DEFAULT NULL,
  `grade4Bim` varchar(10) DEFAULT NULL,
  `gradeFinal` varchar(10) DEFAULT NULL,
  `idStudentClasses` int NOT NULL,
  `totalClasses` int DEFAULT NULL,
  `classesGiven` int DEFAULT NULL,
  `absence` int DEFAULT NULL,
  `frequency` decimal(10,0) DEFAULT NULL,
  `idInstitution` int NOT NULL,
  `classTheme` varchar(255) NOT NULL,
  `createdAt` datetime NOT NULL,
  `updatedAt` datetime NOT NULL,
  PRIMARY KEY (`id`),
  KEY `bulletin_ibfk_1` (`idStudentClasses`) USING BTREE,
  KEY `Bulletin_ibfk_2` (`idTeacher`) USING BTREE,
  KEY `bulletin_ibfk_3` (`idInstitution`) USING BTREE,
  CONSTRAINT `bulletin_ibfk_1` FOREIGN KEY (`idTeacher`) REFERENCES `teachers` (`id`) ON DELETE CASCADE ON UPDATE CASCADE,
  CONSTRAINT `bulletin_ibfk_2` FOREIGN KEY (`idStudentClasses`) REFERENCES `studentclasses` (`id`) ON DELETE CASCADE ON UPDATE CASCADE,
  CONSTRAINT `bulletin_ibfk_3` FOREIGN KEY (`idInstitution`) REFERENCES `institution` (`id`) ON DELETE CASCADE ON UPDATE CASCADE
) ENGINE=InnoDB AUTO_INCREMENT=205 DEFAULT CHARSET=utf8mb4 COLLATE=utf8mb4_0900_ai_ci;
/*!40101 SET character_set_client = @saved_cs_client */;

--
-- Dumping data for table `bulletin`
--

LOCK TABLES `bulletin` WRITE;
/*!40000 ALTER TABLE `bulletin` DISABLE KEYS */;
INSERT INTO `bulletin` VALUES (1,2,NULL,NULL,NULL,NULL,NULL,1,80,0,0,0,1,'MATEMÁTICA','2022-11-09 21:20:52','2022-11-09 21:20:52'),(2,1,NULL,NULL,NULL,NULL,NULL,1,80,0,0,0,1,'FILOSOFIA','2022-11-09 21:20:52','2022-11-09 21:20:52'),(3,6,NULL,NULL,NULL,NULL,NULL,1,80,0,0,0,1,'SOCIOLOGIA','2022-11-09 21:20:53','2022-11-09 21:20:53'),(4,3,NULL,NULL,NULL,NULL,NULL,1,80,0,0,0,1,'GEOGRAFIA','2022-11-09 21:20:53','2022-11-09 21:20:53'),(5,4,NULL,NULL,NULL,NULL,NULL,1,120,0,0,0,1,'PROGRAMAÇÃO WEB III','2022-11-09 21:20:53','2022-11-09 21:20:53'),(6,4,NULL,NULL,NULL,NULL,NULL,1,120,0,0,0,1,'PROGRAMAÇÃO DE APLICATIVOS MOBILE II','2022-11-09 21:20:54','2022-11-09 21:20:54'),(7,4,NULL,NULL,NULL,NULL,NULL,1,120,0,0,0,1,'INTERNET, PROTOCOLOS E SEGURANÇA DE SISTEMAS DA INFORMAÇÃO','2022-11-09 21:20:54','2022-11-09 21:20:54'),(8,7,NULL,NULL,NULL,NULL,NULL,1,120,0,0,0,1,'PLANEJAMENTO E DESENVOLVIMENTO DO TCC EM DESENVOLVIMENTO DE SISTEMAS','2022-11-09 21:20:55','2022-11-09 21:20:55'),(9,7,NULL,NULL,NULL,NULL,NULL,1,120,0,0,0,1,'QUALIDADE E TESTE DE SOFTWARE','2022-11-09 21:20:55','2022-11-09 21:20:55'),(10,8,NULL,NULL,NULL,NULL,NULL,1,120,0,0,0,1,'SISTEMAS EMBARCADOS','2022-11-09 21:20:56','2022-11-09 21:20:56'),(11,5,NULL,NULL,NULL,NULL,NULL,1,80,0,0,0,1,'LÍNGUA PORTUGUESA, LITERATURA E COMUNICAÇÃO PROFISSIONAL','2022-11-09 21:20:56','2022-11-09 21:20:56'),(12,9,NULL,NULL,NULL,NULL,NULL,1,80,0,0,0,1,'LÍNGUA ESTRANGEIRA MODERNA - ESPANHOL','2022-11-09 21:20:56','2022-11-09 21:20:56'),(13,2,NULL,NULL,NULL,NULL,NULL,2,80,0,0,0,1,'MATEMÁTICA','2022-11-09 21:20:56','2022-11-09 21:20:56'),(14,1,NULL,NULL,NULL,NULL,NULL,2,80,0,0,0,1,'FILOSOFIA','2022-11-09 21:20:57','2022-11-09 21:20:57'),(15,6,NULL,NULL,NULL,NULL,NULL,2,80,0,0,0,1,'SOCIOLOGIA','2022-11-09 21:20:57','2022-11-09 21:20:57'),(16,3,NULL,NULL,NULL,NULL,NULL,2,80,0,0,0,1,'GEOGRAFIA','2022-11-09 21:20:57','2022-11-09 21:20:57'),(17,4,NULL,NULL,NULL,NULL,NULL,2,120,0,0,0,1,'PROGRAMAÇÃO WEB III','2022-11-09 21:20:58','2022-11-09 21:20:58'),(18,8,NULL,NULL,NULL,NULL,NULL,2,120,0,0,0,1,'PROGRAMAÇÃO DE APLICATIVOS MOBILE II','2022-11-09 21:20:58','2022-11-09 21:20:58'),(19,4,NULL,NULL,NULL,NULL,NULL,2,120,0,0,0,1,'INTERNET, PROTOCOLOS E SEGURANÇA DE SISTEMAS DA INFORMAÇÃO','2022-11-09 21:20:59','2022-11-09 21:20:59'),(20,7,NULL,NULL,NULL,NULL,NULL,2,120,0,0,0,1,'PLANEJAMENTO E DESENVOLVIMENTO DO TCC EM DESENVOLVIMENTO DE SISTEMAS','2022-11-09 21:20:59','2022-11-09 21:20:59'),(21,7,NULL,NULL,NULL,NULL,NULL,2,120,0,0,0,1,'QUALIDADE E TESTE DE SOFTWARE','2022-11-09 21:21:00','2022-11-09 21:21:00'),(22,8,NULL,NULL,NULL,NULL,NULL,2,120,0,0,0,1,'SISTEMAS EMBARCADOS','2022-11-09 21:21:00','2022-11-09 21:21:00'),(23,5,NULL,NULL,NULL,NULL,NULL,2,80,0,0,0,1,'LÍNGUA PORTUGUESA, LITERATURA E COMUNICAÇÃO PROFISSIONAL','2022-11-09 21:21:00','2022-11-09 21:21:00'),(24,9,NULL,NULL,NULL,NULL,NULL,2,80,0,0,0,1,'LÍNGUA ESTRANGEIRA MODERNA - ESPANHOL','2022-11-09 21:21:01','2022-11-09 21:21:01'),(25,2,NULL,NULL,NULL,NULL,NULL,3,80,0,0,0,1,'MATEMÁTICA','2022-11-09 21:21:01','2022-11-09 21:21:01'),(26,1,NULL,NULL,NULL,NULL,NULL,3,80,0,0,0,1,'FILOSOFIA','2022-11-09 21:21:01','2022-11-09 21:21:01'),(27,6,NULL,NULL,NULL,NULL,NULL,3,80,0,0,0,1,'SOCIOLOGIA','2022-11-09 21:21:02','2022-11-09 21:21:02'),(28,3,NULL,NULL,NULL,NULL,NULL,3,80,0,0,0,1,'GEOGRAFIA','2022-11-09 21:21:02','2022-11-09 21:21:02'),(29,4,NULL,NULL,NULL,NULL,NULL,3,120,0,0,0,1,'PROGRAMAÇÃO WEB III','2022-11-09 21:21:03','2022-11-09 21:21:03'),(30,4,NULL,NULL,NULL,NULL,NULL,3,120,0,0,0,1,'PROGRAMAÇÃO DE APLICATIVOS MOBILE II','2022-11-09 21:21:03','2022-11-09 21:21:03'),(31,4,NULL,NULL,NULL,NULL,NULL,3,120,0,0,0,1,'INTERNET, PROTOCOLOS E SEGURANÇA DE SISTEMAS DA INFORMAÇÃO','2022-11-09 21:21:03','2022-11-09 21:21:03'),(32,7,NULL,NULL,NULL,NULL,NULL,3,120,0,0,0,1,'PLANEJAMENTO E DESENVOLVIMENTO DO TCC EM DESENVOLVIMENTO DE SISTEMAS','2022-11-09 21:21:04','2022-11-09 21:21:04'),(33,7,NULL,NULL,NULL,NULL,NULL,3,120,0,0,0,1,'QUALIDADE E TESTE DE SOFTWARE','2022-11-09 21:21:04','2022-11-09 21:21:04'),(34,8,NULL,NULL,NULL,NULL,NULL,3,120,0,0,0,1,'SISTEMAS EMBARCADOS','2022-11-09 21:21:05','2022-11-09 21:21:05'),(35,5,NULL,NULL,NULL,NULL,NULL,3,80,0,0,0,1,'LÍNGUA PORTUGUESA, LITERATURA E COMUNICAÇÃO PROFISSIONAL','2022-11-09 21:21:05','2022-11-09 21:21:05'),(36,9,NULL,NULL,NULL,NULL,NULL,3,80,0,0,0,1,'LÍNGUA ESTRANGEIRA MODERNA - ESPANHOL','2022-11-09 21:21:05','2022-11-09 21:21:05'),(37,2,NULL,NULL,NULL,NULL,NULL,4,80,0,0,0,1,'MATEMÁTICA','2022-11-09 21:21:06','2022-11-09 21:21:06'),(38,1,NULL,NULL,NULL,NULL,NULL,4,80,0,0,0,1,'FILOSOFIA','2022-11-09 21:21:06','2022-11-09 21:21:06'),(39,6,NULL,NULL,NULL,NULL,NULL,4,80,0,0,0,1,'SOCIOLOGIA','2022-11-09 21:21:06','2022-11-09 21:21:06'),(40,3,NULL,NULL,NULL,NULL,NULL,4,80,0,0,0,1,'GEOGRAFIA','2022-11-09 21:21:07','2022-11-09 21:21:07'),(41,4,NULL,NULL,NULL,NULL,NULL,4,120,0,0,0,1,'PROGRAMAÇÃO WEB III','2022-11-09 21:21:07','2022-11-09 21:21:07'),(42,8,NULL,NULL,NULL,NULL,NULL,4,120,0,0,0,1,'PROGRAMAÇÃO DE APLICATIVOS MOBILE II','2022-11-09 21:21:07','2022-11-09 21:21:07'),(43,4,NULL,NULL,NULL,NULL,NULL,4,120,0,0,0,1,'INTERNET, PROTOCOLOS E SEGURANÇA DE SISTEMAS DA INFORMAÇÃO','2022-11-09 21:21:08','2022-11-09 21:21:08'),(44,7,NULL,NULL,NULL,NULL,NULL,4,120,0,0,0,1,'PLANEJAMENTO E DESENVOLVIMENTO DO TCC EM DESENVOLVIMENTO DE SISTEMAS','2022-11-09 21:21:08','2022-11-09 21:21:08'),(45,7,NULL,NULL,NULL,NULL,NULL,4,120,0,0,0,1,'QUALIDADE E TESTE DE SOFTWARE','2022-11-09 21:21:09','2022-11-09 21:21:09'),(46,8,NULL,NULL,NULL,NULL,NULL,4,120,0,0,0,1,'SISTEMAS EMBARCADOS','2022-11-09 21:21:09','2022-11-09 21:21:09'),(47,5,NULL,NULL,NULL,NULL,NULL,4,80,0,0,0,1,'LÍNGUA PORTUGUESA, LITERATURA E COMUNICAÇÃO PROFISSIONAL','2022-11-09 21:21:10','2022-11-09 21:21:10'),(48,9,NULL,NULL,NULL,NULL,NULL,4,80,0,0,0,1,'LÍNGUA ESTRANGEIRA MODERNA - ESPANHOL','2022-11-09 21:21:10','2022-11-09 21:21:10'),(49,2,NULL,NULL,NULL,NULL,NULL,5,80,0,0,0,1,'MATEMÁTICA','2022-11-09 21:21:10','2022-11-09 21:21:10'),(50,1,NULL,NULL,NULL,NULL,NULL,5,80,0,0,0,1,'FILOSOFIA','2022-11-09 21:21:11','2022-11-09 21:21:11'),(51,6,NULL,NULL,NULL,NULL,NULL,5,80,0,0,0,1,'SOCIOLOGIA','2022-11-09 21:21:11','2022-11-09 21:21:11'),(52,3,NULL,NULL,NULL,NULL,NULL,5,80,0,0,0,1,'GEOGRAFIA','2022-11-09 21:21:11','2022-11-09 21:21:11'),(53,4,NULL,NULL,NULL,NULL,NULL,5,120,0,0,0,1,'PROGRAMAÇÃO WEB III','2022-11-09 21:21:12','2022-11-09 21:21:12'),(54,8,NULL,NULL,NULL,NULL,NULL,5,120,0,0,0,1,'PROGRAMAÇÃO DE APLICATIVOS MOBILE II','2022-11-09 21:21:12','2022-11-09 21:21:12'),(55,4,NULL,NULL,NULL,NULL,NULL,5,120,0,0,0,1,'INTERNET, PROTOCOLOS E SEGURANÇA DE SISTEMAS DA INFORMAÇÃO','2022-11-09 21:21:13','2022-11-09 21:21:13'),(56,7,NULL,NULL,NULL,NULL,NULL,5,120,0,0,0,1,'PLANEJAMENTO E DESENVOLVIMENTO DO TCC EM DESENVOLVIMENTO DE SISTEMAS','2022-11-09 21:21:13','2022-11-09 21:21:13'),(57,7,NULL,NULL,NULL,NULL,NULL,5,120,0,0,0,1,'QUALIDADE E TESTE DE SOFTWARE','2022-11-09 21:21:13','2022-11-09 21:21:13'),(58,8,NULL,NULL,NULL,NULL,NULL,5,120,0,0,0,1,'SISTEMAS EMBARCADOS','2022-11-09 21:21:14','2022-11-09 21:21:14'),(59,5,NULL,NULL,NULL,NULL,NULL,5,80,0,0,0,1,'LÍNGUA PORTUGUESA, LITERATURA E COMUNICAÇÃO PROFISSIONAL','2022-11-09 21:21:14','2022-11-09 21:21:14'),(60,9,NULL,NULL,NULL,NULL,NULL,5,80,0,0,0,1,'LÍNGUA ESTRANGEIRA MODERNA - ESPANHOL','2022-11-09 21:21:15','2022-11-09 21:21:15'),(61,2,NULL,NULL,NULL,NULL,NULL,6,80,0,0,0,1,'MATEMÁTICA','2022-11-09 21:21:15','2022-11-09 21:21:15'),(62,1,NULL,NULL,NULL,NULL,NULL,6,80,0,0,0,1,'FILOSOFIA','2022-11-09 21:21:15','2022-11-09 21:21:15'),(63,6,NULL,NULL,NULL,NULL,NULL,6,80,0,0,0,1,'SOCIOLOGIA','2022-11-09 21:21:15','2022-11-09 21:21:15'),(64,3,NULL,NULL,NULL,NULL,NULL,6,80,0,0,0,1,'GEOGRAFIA','2022-11-09 21:21:16','2022-11-09 21:21:16'),(65,4,NULL,NULL,NULL,NULL,NULL,6,120,0,0,0,1,'PROGRAMAÇÃO WEB III','2022-11-09 21:21:16','2022-11-09 21:21:16'),(66,8,NULL,NULL,NULL,NULL,NULL,6,120,0,0,0,1,'PROGRAMAÇÃO DE APLICATIVOS MOBILE II','2022-11-09 21:21:17','2022-11-09 21:21:17'),(67,4,NULL,NULL,NULL,NULL,NULL,6,120,0,0,0,1,'INTERNET, PROTOCOLOS E SEGURANÇA DE SISTEMAS DA INFORMAÇÃO','2022-11-09 21:21:17','2022-11-09 21:21:17'),(68,7,NULL,NULL,NULL,NULL,NULL,6,120,0,0,0,1,'PLANEJAMENTO E DESENVOLVIMENTO DO TCC EM DESENVOLVIMENTO DE SISTEMAS','2022-11-09 21:21:18','2022-11-09 21:21:18'),(69,7,NULL,NULL,NULL,NULL,NULL,6,120,0,0,0,1,'QUALIDADE E TESTE DE SOFTWARE','2022-11-09 21:21:18','2022-11-09 21:21:18'),(70,8,NULL,NULL,NULL,NULL,NULL,6,120,0,0,0,1,'SISTEMAS EMBARCADOS','2022-11-09 21:21:18','2022-11-09 21:21:18'),(71,5,NULL,NULL,NULL,NULL,NULL,6,80,0,0,0,1,'LÍNGUA PORTUGUESA, LITERATURA E COMUNICAÇÃO PROFISSIONAL','2022-11-09 21:21:19','2022-11-09 21:21:19'),(72,9,NULL,NULL,NULL,NULL,NULL,6,80,0,0,0,1,'LÍNGUA ESTRANGEIRA MODERNA - ESPANHOL','2022-11-09 21:21:19','2022-11-09 21:21:19'),(73,2,NULL,NULL,NULL,NULL,NULL,7,80,0,0,0,1,'MATEMÁTICA','2022-11-09 21:21:19','2022-11-09 21:21:19'),(74,1,NULL,NULL,NULL,NULL,NULL,7,80,0,0,0,1,'FILOSOFIA','2022-11-09 21:21:20','2022-11-09 21:21:20'),(75,6,NULL,NULL,NULL,NULL,NULL,7,80,0,0,0,1,'SOCIOLOGIA','2022-11-09 21:21:20','2022-11-09 21:21:20'),(76,3,NULL,NULL,NULL,NULL,NULL,7,80,0,0,0,1,'GEOGRAFIA','2022-11-09 21:21:20','2022-11-09 21:21:20'),(77,4,NULL,NULL,NULL,NULL,NULL,7,120,0,0,0,1,'PROGRAMAÇÃO WEB III','2022-11-09 21:21:21','2022-11-09 21:21:21'),(78,4,NULL,NULL,NULL,NULL,NULL,7,120,0,0,0,1,'PROGRAMAÇÃO DE APLICATIVOS MOBILE II','2022-11-09 21:21:21','2022-11-09 21:21:21'),(79,4,NULL,NULL,NULL,NULL,NULL,7,120,0,0,0,1,'INTERNET, PROTOCOLOS E SEGURANÇA DE SISTEMAS DA INFORMAÇÃO','2022-11-09 21:21:22','2022-11-09 21:21:22'),(80,7,NULL,NULL,NULL,NULL,NULL,7,120,0,0,0,1,'PLANEJAMENTO E DESENVOLVIMENTO DO TCC EM DESENVOLVIMENTO DE SISTEMAS','2022-11-09 21:21:22','2022-11-09 21:21:22'),(81,7,NULL,NULL,NULL,NULL,NULL,7,120,0,0,0,1,'QUALIDADE E TESTE DE SOFTWARE','2022-11-09 21:21:23','2022-11-09 21:21:23'),(82,8,NULL,NULL,NULL,NULL,NULL,7,120,0,0,0,1,'SISTEMAS EMBARCADOS','2022-11-09 21:21:23','2022-11-09 21:21:23'),(83,5,NULL,NULL,NULL,NULL,NULL,7,80,0,0,0,1,'LÍNGUA PORTUGUESA, LITERATURA E COMUNICAÇÃO PROFISSIONAL','2022-11-09 21:21:23','2022-11-09 21:21:23'),(84,9,NULL,NULL,NULL,NULL,NULL,7,80,0,0,0,1,'LÍNGUA ESTRANGEIRA MODERNA - ESPANHOL','2022-11-09 21:21:24','2022-11-09 21:21:24'),(85,2,NULL,NULL,NULL,NULL,NULL,8,80,0,0,0,1,'MATEMÁTICA','2022-11-09 21:21:24','2022-11-09 21:21:24'),(86,1,NULL,NULL,NULL,NULL,NULL,8,80,0,0,0,1,'FILOSOFIA','2022-11-09 21:21:24','2022-11-09 21:21:24'),(87,6,NULL,NULL,NULL,NULL,NULL,8,80,0,0,0,1,'SOCIOLOGIA','2022-11-09 21:21:25','2022-11-09 21:21:25'),(88,3,NULL,NULL,NULL,NULL,NULL,8,80,0,0,0,1,'GEOGRAFIA','2022-11-09 21:21:25','2022-11-09 21:21:25'),(89,4,NULL,NULL,NULL,NULL,NULL,8,120,0,0,0,1,'PROGRAMAÇÃO WEB III','2022-11-09 21:21:25','2022-11-09 21:21:25'),(90,4,NULL,NULL,NULL,NULL,NULL,8,120,0,0,0,1,'PROGRAMAÇÃO DE APLICATIVOS MOBILE II','2022-11-09 21:21:26','2022-11-09 21:21:26'),(91,4,NULL,NULL,NULL,NULL,NULL,8,120,0,0,0,1,'INTERNET, PROTOCOLOS E SEGURANÇA DE SISTEMAS DA INFORMAÇÃO','2022-11-09 21:21:26','2022-11-09 21:21:26'),(92,7,NULL,NULL,NULL,NULL,NULL,8,120,0,0,0,1,'PLANEJAMENTO E DESENVOLVIMENTO DO TCC EM DESENVOLVIMENTO DE SISTEMAS','2022-11-09 21:21:27','2022-11-09 21:21:27'),(93,7,NULL,NULL,NULL,NULL,NULL,8,120,0,0,0,1,'QUALIDADE E TESTE DE SOFTWARE','2022-11-09 21:21:27','2022-11-09 21:21:27'),(94,8,NULL,NULL,NULL,NULL,NULL,8,120,0,0,0,1,'SISTEMAS EMBARCADOS','2022-11-09 21:21:28','2022-11-09 21:21:28'),(95,5,NULL,NULL,NULL,NULL,NULL,8,80,0,0,0,1,'LÍNGUA PORTUGUESA, LITERATURA E COMUNICAÇÃO PROFISSIONAL','2022-11-09 21:21:28','2022-11-09 21:21:28'),(96,9,NULL,NULL,NULL,NULL,NULL,8,80,0,0,0,1,'LÍNGUA ESTRANGEIRA MODERNA - ESPANHOL','2022-11-09 21:21:28','2022-11-09 21:21:28'),(97,2,NULL,NULL,NULL,NULL,NULL,9,80,0,0,0,1,'MATEMÁTICA','2022-11-09 21:21:29','2022-11-09 21:21:29'),(98,1,NULL,NULL,NULL,NULL,NULL,9,80,0,0,0,1,'FILOSOFIA','2022-11-09 21:21:29','2022-11-09 21:21:29'),(99,6,NULL,NULL,NULL,NULL,NULL,9,80,0,0,0,1,'SOCIOLOGIA','2022-11-09 21:21:29','2022-11-09 21:21:29'),(100,3,NULL,NULL,NULL,NULL,NULL,9,80,0,0,0,1,'GEOGRAFIA','2022-11-09 21:21:30','2022-11-09 21:21:30'),(101,4,NULL,NULL,NULL,NULL,NULL,9,120,0,0,0,1,'PROGRAMAÇÃO WEB III','2022-11-09 21:21:30','2022-11-09 21:21:30'),(102,8,NULL,NULL,NULL,NULL,NULL,9,120,0,0,0,1,'PROGRAMAÇÃO DE APLICATIVOS MOBILE II','2022-11-09 21:21:30','2022-11-09 21:21:30'),(103,4,NULL,NULL,NULL,NULL,NULL,9,120,0,0,0,1,'INTERNET, PROTOCOLOS E SEGURANÇA DE SISTEMAS DA INFORMAÇÃO','2022-11-09 21:21:31','2022-11-09 21:21:31'),(104,7,NULL,NULL,NULL,NULL,NULL,9,120,0,0,0,1,'PLANEJAMENTO E DESENVOLVIMENTO DO TCC EM DESENVOLVIMENTO DE SISTEMAS','2022-11-09 21:21:31','2022-11-09 21:21:31'),(105,7,NULL,NULL,NULL,NULL,NULL,9,120,0,0,0,1,'QUALIDADE E TESTE DE SOFTWARE','2022-11-09 21:21:32','2022-11-09 21:21:32'),(106,8,NULL,NULL,NULL,NULL,NULL,9,120,0,0,0,1,'SISTEMAS EMBARCADOS','2022-11-09 21:21:32','2022-11-09 21:21:32'),(107,5,NULL,NULL,NULL,NULL,NULL,9,80,0,0,0,1,'LÍNGUA PORTUGUESA, LITERATURA E COMUNICAÇÃO PROFISSIONAL','2022-11-09 21:21:33','2022-11-09 21:21:33'),(108,9,NULL,NULL,NULL,NULL,NULL,9,80,0,0,0,1,'LÍNGUA ESTRANGEIRA MODERNA - ESPANHOL','2022-11-09 21:21:33','2022-11-09 21:21:33'),(109,2,NULL,NULL,NULL,NULL,NULL,10,80,0,0,0,1,'MATEMÁTICA','2022-11-09 21:21:33','2022-11-09 21:21:33'),(110,1,NULL,NULL,NULL,NULL,NULL,10,80,0,0,0,1,'FILOSOFIA','2022-11-09 21:21:33','2022-11-09 21:21:33'),(111,6,NULL,NULL,NULL,NULL,NULL,10,80,0,0,0,1,'SOCIOLOGIA','2022-11-09 21:21:34','2022-11-09 21:21:34'),(112,3,NULL,NULL,NULL,NULL,NULL,10,80,0,0,0,1,'GEOGRAFIA','2022-11-09 21:21:34','2022-11-09 21:21:34'),(113,4,NULL,NULL,NULL,NULL,NULL,10,120,0,0,0,1,'PROGRAMAÇÃO WEB III','2022-11-09 21:21:34','2022-11-09 21:21:34'),(114,8,NULL,NULL,NULL,NULL,NULL,10,120,0,0,0,1,'PROGRAMAÇÃO DE APLICATIVOS MOBILE II','2022-11-09 21:21:35','2022-11-09 21:21:35'),(115,4,NULL,NULL,NULL,NULL,NULL,10,120,0,0,0,1,'INTERNET, PROTOCOLOS E SEGURANÇA DE SISTEMAS DA INFORMAÇÃO','2022-11-09 21:21:36','2022-11-09 21:21:36'),(116,7,NULL,NULL,NULL,NULL,NULL,10,120,0,0,0,1,'PLANEJAMENTO E DESENVOLVIMENTO DO TCC EM DESENVOLVIMENTO DE SISTEMAS','2022-11-09 21:21:36','2022-11-09 21:21:36'),(117,7,NULL,NULL,NULL,NULL,NULL,10,120,0,0,0,1,'QUALIDADE E TESTE DE SOFTWARE','2022-11-09 21:21:36','2022-11-09 21:21:36'),(118,8,NULL,NULL,NULL,NULL,NULL,10,120,0,0,0,1,'SISTEMAS EMBARCADOS','2022-11-09 21:21:37','2022-11-09 21:21:37'),(119,5,NULL,NULL,NULL,NULL,NULL,10,80,0,0,0,1,'LÍNGUA PORTUGUESA, LITERATURA E COMUNICAÇÃO PROFISSIONAL','2022-11-09 21:21:37','2022-11-09 21:21:37'),(120,9,NULL,NULL,NULL,NULL,NULL,10,80,0,0,0,1,'LÍNGUA ESTRANGEIRA MODERNA - ESPANHOL','2022-11-09 21:21:37','2022-11-09 21:21:37'),(121,2,NULL,NULL,NULL,NULL,NULL,11,80,0,0,0,1,'MATEMÁTICA','2022-11-09 21:21:38','2022-11-09 21:21:38'),(122,1,NULL,NULL,NULL,NULL,NULL,11,80,0,0,0,1,'FILOSOFIA','2022-11-09 21:21:38','2022-11-09 21:21:38'),(123,6,NULL,NULL,NULL,NULL,NULL,11,80,0,0,0,1,'SOCIOLOGIA','2022-11-09 21:21:38','2022-11-09 21:21:38'),(124,3,NULL,NULL,NULL,NULL,NULL,11,80,0,0,0,1,'GEOGRAFIA','2022-11-09 21:21:39','2022-11-09 21:21:39'),(125,4,NULL,NULL,NULL,NULL,NULL,11,120,0,0,0,1,'PROGRAMAÇÃO WEB III','2022-11-09 21:21:39','2022-11-09 21:21:39'),(126,4,NULL,NULL,NULL,NULL,NULL,11,120,0,0,0,1,'PROGRAMAÇÃO DE APLICATIVOS MOBILE II','2022-11-09 21:21:40','2022-11-09 21:21:40'),(127,4,NULL,NULL,NULL,NULL,NULL,11,120,0,0,0,1,'INTERNET, PROTOCOLOS E SEGURANÇA DE SISTEMAS DA INFORMAÇÃO','2022-11-09 21:21:40','2022-11-09 21:21:40'),(128,7,NULL,NULL,NULL,NULL,NULL,11,120,0,0,0,1,'PLANEJAMENTO E DESENVOLVIMENTO DO TCC EM DESENVOLVIMENTO DE SISTEMAS','2022-11-09 21:21:40','2022-11-09 21:21:40'),(129,7,NULL,NULL,NULL,NULL,NULL,11,120,0,0,0,1,'QUALIDADE E TESTE DE SOFTWARE','2022-11-09 21:21:41','2022-11-09 21:21:41'),(130,8,NULL,NULL,NULL,NULL,NULL,11,120,0,0,0,1,'SISTEMAS EMBARCADOS','2022-11-09 21:21:41','2022-11-09 21:21:41'),(131,5,NULL,NULL,NULL,NULL,NULL,11,80,0,0,0,1,'LÍNGUA PORTUGUESA, LITERATURA E COMUNICAÇÃO PROFISSIONAL','2022-11-09 21:21:42','2022-11-09 21:21:42'),(132,9,NULL,NULL,NULL,NULL,NULL,11,80,0,0,0,1,'LÍNGUA ESTRANGEIRA MODERNA - ESPANHOL','2022-11-09 21:21:42','2022-11-09 21:21:42'),(133,2,NULL,NULL,NULL,NULL,NULL,12,80,0,0,0,1,'MATEMÁTICA','2022-11-09 21:21:42','2022-11-09 21:21:42'),(134,1,NULL,NULL,NULL,NULL,NULL,12,80,0,0,0,1,'FILOSOFIA','2022-11-09 21:21:43','2022-11-09 21:21:43'),(135,6,NULL,NULL,NULL,NULL,NULL,12,80,0,0,0,1,'SOCIOLOGIA','2022-11-09 21:21:43','2022-11-09 21:21:43'),(136,3,NULL,NULL,NULL,NULL,NULL,12,80,0,0,0,1,'GEOGRAFIA','2022-11-09 21:21:43','2022-11-09 21:21:43'),(137,4,NULL,NULL,NULL,NULL,NULL,12,120,0,0,0,1,'PROGRAMAÇÃO WEB III','2022-11-09 21:21:44','2022-11-09 21:21:44'),(138,4,NULL,NULL,NULL,NULL,NULL,12,120,0,0,0,1,'PROGRAMAÇÃO DE APLICATIVOS MOBILE II','2022-11-09 21:21:44','2022-11-09 21:21:44'),(139,4,NULL,NULL,NULL,NULL,NULL,12,120,0,0,0,1,'INTERNET, PROTOCOLOS E SEGURANÇA DE SISTEMAS DA INFORMAÇÃO','2022-11-09 21:21:44','2022-11-09 21:21:44'),(140,7,NULL,NULL,NULL,NULL,NULL,12,120,0,0,0,1,'PLANEJAMENTO E DESENVOLVIMENTO DO TCC EM DESENVOLVIMENTO DE SISTEMAS','2022-11-09 21:21:45','2022-11-09 21:21:45'),(141,7,NULL,NULL,NULL,NULL,NULL,12,120,0,0,0,1,'QUALIDADE E TESTE DE SOFTWARE','2022-11-09 21:21:45','2022-11-09 21:21:45'),(142,8,NULL,NULL,NULL,NULL,NULL,12,120,0,0,0,1,'SISTEMAS EMBARCADOS','2022-11-09 21:21:46','2022-11-09 21:21:46'),(143,5,NULL,NULL,NULL,NULL,NULL,12,80,0,0,0,1,'LÍNGUA PORTUGUESA, LITERATURA E COMUNICAÇÃO PROFISSIONAL','2022-11-09 21:21:46','2022-11-09 21:21:46'),(144,9,NULL,NULL,NULL,NULL,NULL,12,80,0,0,0,1,'LÍNGUA ESTRANGEIRA MODERNA - ESPANHOL','2022-11-09 21:21:47','2022-11-09 21:21:47'),(145,2,NULL,NULL,NULL,NULL,NULL,13,80,0,0,0,1,'MATEMÁTICA','2022-11-09 21:21:47','2022-11-09 21:21:47'),(146,1,NULL,NULL,NULL,NULL,NULL,13,80,0,0,0,1,'FILOSOFIA','2022-11-09 21:21:47','2022-11-09 21:21:47'),(147,6,NULL,NULL,NULL,NULL,NULL,13,80,0,0,0,1,'SOCIOLOGIA','2022-11-09 21:21:48','2022-11-09 21:21:48'),(148,3,NULL,NULL,NULL,NULL,NULL,13,80,0,0,0,1,'GEOGRAFIA','2022-11-09 21:21:48','2022-11-09 21:21:48'),(149,4,NULL,NULL,NULL,NULL,NULL,13,120,0,0,0,1,'PROGRAMAÇÃO WEB III','2022-11-09 21:21:48','2022-11-09 21:21:48'),(150,4,NULL,NULL,NULL,NULL,NULL,13,120,0,0,0,1,'PROGRAMAÇÃO DE APLICATIVOS MOBILE II','2022-11-09 21:21:49','2022-11-09 21:21:49'),(151,4,NULL,NULL,NULL,NULL,NULL,13,120,0,0,0,1,'INTERNET, PROTOCOLOS E SEGURANÇA DE SISTEMAS DA INFORMAÇÃO','2022-11-09 21:21:49','2022-11-09 21:21:49'),(152,7,NULL,NULL,NULL,NULL,NULL,13,120,0,0,0,1,'PLANEJAMENTO E DESENVOLVIMENTO DO TCC EM DESENVOLVIMENTO DE SISTEMAS','2022-11-09 21:21:50','2022-11-09 21:21:50'),(153,7,NULL,NULL,NULL,NULL,NULL,13,120,0,0,0,1,'QUALIDADE E TESTE DE SOFTWARE','2022-11-09 21:21:50','2022-11-09 21:21:50'),(154,8,NULL,NULL,NULL,NULL,NULL,13,120,0,0,0,1,'SISTEMAS EMBARCADOS','2022-11-09 21:21:51','2022-11-09 21:21:51'),(155,5,NULL,NULL,NULL,NULL,NULL,13,80,0,0,0,1,'LÍNGUA PORTUGUESA, LITERATURA E COMUNICAÇÃO PROFISSIONAL','2022-11-09 21:21:51','2022-11-09 21:21:51'),(156,9,NULL,NULL,NULL,NULL,NULL,13,80,0,0,0,1,'LÍNGUA ESTRANGEIRA MODERNA - ESPANHOL','2022-11-09 21:21:51','2022-11-09 21:21:51'),(157,2,NULL,NULL,NULL,NULL,NULL,14,80,0,0,0,1,'MATEMÁTICA','2022-11-09 21:21:51','2022-11-09 21:21:51'),(158,1,NULL,NULL,NULL,NULL,NULL,14,80,0,0,0,1,'FILOSOFIA','2022-11-09 21:21:52','2022-11-09 21:21:52'),(159,6,NULL,NULL,NULL,NULL,NULL,14,80,0,0,0,1,'SOCIOLOGIA','2022-11-09 21:21:52','2022-11-09 21:21:52'),(160,3,NULL,NULL,NULL,NULL,NULL,14,80,0,0,0,1,'GEOGRAFIA','2022-11-09 21:21:52','2022-11-09 21:21:52'),(161,4,NULL,NULL,NULL,NULL,NULL,14,120,0,0,0,1,'PROGRAMAÇÃO WEB III','2022-11-09 21:21:53','2022-11-09 21:21:53'),(162,8,NULL,NULL,NULL,NULL,NULL,14,120,0,0,0,1,'PROGRAMAÇÃO DE APLICATIVOS MOBILE II','2022-11-09 21:21:53','2022-11-09 21:21:53'),(163,4,NULL,NULL,NULL,NULL,NULL,14,120,0,0,0,1,'INTERNET, PROTOCOLOS E SEGURANÇA DE SISTEMAS DA INFORMAÇÃO','2022-11-09 21:21:54','2022-11-09 21:21:54'),(164,7,NULL,NULL,NULL,NULL,NULL,14,120,0,0,0,1,'PLANEJAMENTO E DESENVOLVIMENTO DO TCC EM DESENVOLVIMENTO DE SISTEMAS','2022-11-09 21:21:54','2022-11-09 21:21:54'),(165,7,NULL,NULL,NULL,NULL,NULL,14,120,0,0,0,1,'QUALIDADE E TESTE DE SOFTWARE','2022-11-09 21:21:54','2022-11-09 21:21:54'),(166,8,NULL,NULL,NULL,NULL,NULL,14,120,0,0,0,1,'SISTEMAS EMBARCADOS','2022-11-09 21:21:55','2022-11-09 21:21:55'),(167,5,NULL,NULL,NULL,NULL,NULL,14,80,0,0,0,1,'LÍNGUA PORTUGUESA, LITERATURA E COMUNICAÇÃO PROFISSIONAL','2022-11-09 21:21:55','2022-11-09 21:21:55'),(168,9,NULL,NULL,NULL,NULL,NULL,14,80,0,0,0,1,'LÍNGUA ESTRANGEIRA MODERNA - ESPANHOL','2022-11-09 21:21:56','2022-11-09 21:21:56'),(169,2,NULL,NULL,NULL,NULL,NULL,15,80,0,0,0,1,'MATEMÁTICA','2022-11-09 21:21:56','2022-11-09 21:21:56'),(170,1,NULL,NULL,NULL,NULL,NULL,15,80,0,0,0,1,'FILOSOFIA','2022-11-09 21:21:56','2022-11-09 21:21:56'),(171,6,NULL,NULL,NULL,NULL,NULL,15,80,0,0,0,1,'SOCIOLOGIA','2022-11-09 21:21:57','2022-11-09 21:21:57'),(172,3,NULL,NULL,NULL,NULL,NULL,15,80,0,0,0,1,'GEOGRAFIA','2022-11-09 21:21:57','2022-11-09 21:21:57'),(173,4,NULL,NULL,NULL,NULL,NULL,15,120,0,0,0,1,'PROGRAMAÇÃO WEB III','2022-11-09 21:21:57','2022-11-09 21:21:57'),(174,4,NULL,NULL,NULL,NULL,NULL,15,120,0,0,0,1,'PROGRAMAÇÃO DE APLICATIVOS MOBILE II','2022-11-09 21:21:58','2022-11-09 21:21:58'),(175,4,NULL,NULL,NULL,NULL,NULL,15,120,0,0,0,1,'INTERNET, PROTOCOLOS E SEGURANÇA DE SISTEMAS DA INFORMAÇÃO','2022-11-09 21:21:58','2022-11-09 21:21:58'),(176,7,NULL,NULL,NULL,NULL,NULL,15,120,0,0,0,1,'PLANEJAMENTO E DESENVOLVIMENTO DO TCC EM DESENVOLVIMENTO DE SISTEMAS','2022-11-09 21:21:59','2022-11-09 21:21:59'),(177,7,NULL,NULL,NULL,NULL,NULL,15,120,0,0,0,1,'QUALIDADE E TESTE DE SOFTWARE','2022-11-09 21:21:59','2022-11-09 21:21:59'),(178,8,NULL,NULL,NULL,NULL,NULL,15,120,0,0,0,1,'SISTEMAS EMBARCADOS','2022-11-09 21:22:00','2022-11-09 21:22:00'),(179,5,NULL,NULL,NULL,NULL,NULL,15,80,0,0,0,1,'LÍNGUA PORTUGUESA, LITERATURA E COMUNICAÇÃO PROFISSIONAL','2022-11-09 21:22:00','2022-11-09 21:22:00'),(180,9,NULL,NULL,NULL,NULL,NULL,15,80,0,0,0,1,'LÍNGUA ESTRANGEIRA MODERNA - ESPANHOL','2022-11-09 21:22:00','2022-11-09 21:22:00'),(181,2,NULL,NULL,NULL,NULL,NULL,16,80,0,0,0,1,'MATEMÁTICA','2022-11-09 21:22:01','2022-11-09 21:22:01'),(182,1,NULL,NULL,NULL,NULL,NULL,16,80,0,0,0,1,'FILOSOFIA','2022-11-09 21:22:01','2022-11-09 21:22:01'),(183,6,NULL,NULL,NULL,NULL,NULL,16,80,0,0,0,1,'SOCIOLOGIA','2022-11-09 21:22:01','2022-11-09 21:22:01'),(184,3,NULL,NULL,NULL,NULL,NULL,16,80,0,0,0,1,'GEOGRAFIA','2022-11-09 21:22:02','2022-11-09 21:22:02'),(185,4,NULL,NULL,NULL,NULL,NULL,16,120,0,0,0,1,'PROGRAMAÇÃO WEB III','2022-11-09 21:22:02','2022-11-09 21:22:02'),(186,8,NULL,NULL,NULL,NULL,NULL,16,120,0,0,0,1,'PROGRAMAÇÃO DE APLICATIVOS MOBILE II','2022-11-09 21:22:02','2022-11-09 21:22:02'),(187,4,NULL,NULL,NULL,NULL,NULL,16,120,0,0,0,1,'INTERNET, PROTOCOLOS E SEGURANÇA DE SISTEMAS DA INFORMAÇÃO','2022-11-09 21:22:03','2022-11-09 21:22:03'),(188,7,NULL,NULL,NULL,NULL,NULL,16,120,0,0,0,1,'PLANEJAMENTO E DESENVOLVIMENTO DO TCC EM DESENVOLVIMENTO DE SISTEMAS','2022-11-09 21:22:03','2022-11-09 21:22:03'),(189,7,NULL,NULL,NULL,NULL,NULL,16,120,0,0,0,1,'QUALIDADE E TESTE DE SOFTWARE','2022-11-09 21:22:04','2022-11-09 21:22:04'),(190,8,NULL,NULL,NULL,NULL,NULL,16,120,0,0,0,1,'SISTEMAS EMBARCADOS','2022-11-09 21:22:04','2022-11-09 21:22:04'),(191,5,NULL,NULL,NULL,NULL,NULL,16,80,0,0,0,1,'LÍNGUA PORTUGUESA, LITERATURA E COMUNICAÇÃO PROFISSIONAL','2022-11-09 21:22:05','2022-11-09 21:22:05'),(192,9,NULL,NULL,NULL,NULL,NULL,16,80,0,0,0,1,'LÍNGUA ESTRANGEIRA MODERNA - ESPANHOL','2022-11-09 21:22:05','2022-11-09 21:22:05'),(193,2,NULL,NULL,NULL,NULL,NULL,17,80,0,0,0,1,'MATEMÁTICA','2022-11-09 21:22:05','2022-11-09 21:22:05'),(194,1,NULL,NULL,NULL,NULL,NULL,17,80,0,0,0,1,'FILOSOFIA','2022-11-09 21:22:06','2022-11-09 21:22:06'),(195,6,NULL,NULL,NULL,NULL,NULL,17,80,0,0,0,1,'SOCIOLOGIA','2022-11-09 21:22:06','2022-11-09 21:22:06'),(196,3,NULL,NULL,NULL,NULL,NULL,17,80,0,0,0,1,'GEOGRAFIA','2022-11-09 21:22:06','2022-11-09 21:22:06'),(197,4,NULL,NULL,NULL,NULL,NULL,17,120,0,0,0,1,'PROGRAMAÇÃO WEB III','2022-11-09 21:22:07','2022-11-09 21:22:07'),(198,4,NULL,NULL,NULL,NULL,NULL,17,120,0,0,0,1,'PROGRAMAÇÃO DE APLICATIVOS MOBILE II','2022-11-09 21:22:07','2022-11-09 21:22:07'),(199,4,NULL,NULL,NULL,NULL,NULL,17,120,0,0,0,1,'INTERNET, PROTOCOLOS E SEGURANÇA DE SISTEMAS DA INFORMAÇÃO','2022-11-09 21:22:08','2022-11-09 21:22:08'),(200,7,NULL,NULL,NULL,NULL,NULL,17,120,0,0,0,1,'PLANEJAMENTO E DESENVOLVIMENTO DO TCC EM DESENVOLVIMENTO DE SISTEMAS','2022-11-09 21:22:08','2022-11-09 21:22:08'),(201,7,NULL,NULL,NULL,NULL,NULL,17,120,0,0,0,1,'QUALIDADE E TESTE DE SOFTWARE','2022-11-09 21:22:08','2022-11-09 21:22:08'),(202,8,NULL,NULL,NULL,NULL,NULL,17,120,0,0,0,1,'SISTEMAS EMBARCADOS','2022-11-09 21:22:09','2022-11-09 21:22:09'),(203,5,NULL,NULL,NULL,NULL,NULL,17,80,0,0,0,1,'LÍNGUA PORTUGUESA, LITERATURA E COMUNICAÇÃO PROFISSIONAL','2022-11-09 21:22:09','2022-11-09 21:22:09'),(204,9,NULL,NULL,NULL,NULL,NULL,17,80,0,0,0,1,'LÍNGUA ESTRANGEIRA MODERNA - ESPANHOL','2022-11-09 21:22:10','2022-11-09 21:22:10');
/*!40000 ALTER TABLE `bulletin` ENABLE KEYS */;
UNLOCK TABLES;

--
-- Table structure for table `class`
--

DROP TABLE IF EXISTS `class`;
/*!40101 SET @saved_cs_client     = @@character_set_client */;
/*!50503 SET character_set_client = utf8mb4 */;
CREATE TABLE `class` (
  `id` int NOT NULL AUTO_INCREMENT,
  `idInstitution` int NOT NULL,
  `period` varchar(255) NOT NULL,
  `course` varchar(255) NOT NULL,
  `schoolYear` int NOT NULL,
  `block` varchar(10) NOT NULL,
  `classNumber` int NOT NULL,
  `classTheme` json NOT NULL,
  `createdAt` datetime NOT NULL,
  `updatedAt` datetime NOT NULL,
  PRIMARY KEY (`id`),
  KEY `Class_fk0` (`idInstitution`) USING BTREE,
  CONSTRAINT `class_ibfk_1` FOREIGN KEY (`idInstitution`) REFERENCES `institution` (`id`) ON DELETE CASCADE ON UPDATE CASCADE
) ENGINE=InnoDB AUTO_INCREMENT=13 DEFAULT CHARSET=utf8mb4 COLLATE=utf8mb4_0900_ai_ci;
/*!40101 SET character_set_client = @saved_cs_client */;

--
-- Dumping data for table `class`
--

LOCK TABLES `class` WRITE;
/*!40000 ALTER TABLE `class` DISABLE KEYS */;
INSERT INTO `class` VALUES (1,1,'Matutino','Ensino Médio com Itinerário Formativo',1,'A',1,'[{\"name\": \"MATEMÁTICA\", \"totalClasses\": 120}, {\"name\": \"ARTE\", \"totalClasses\": 120}, {\"name\": \"EDUCAÇÃO FÍSICA\", \"totalClasses\": 120}, {\"name\": \"FÍSICA\", \"totalClasses\": 120}, {\"name\": \"HISTÓRIA\", \"totalClasses\": 120}, {\"name\": \"QUÍMICA\", \"totalClasses\": 120}, {\"name\": \"BIOLOGIA\", \"totalClasses\": 120}, {\"name\": \"GEOGRAFIA\", \"totalClasses\": 120}, {\"name\": \"LÍNGUA PORTUGUESA, LITERATURA E COMUNICAÇÃO PROFISSIONAL\", \"totalClasses\": 120}, {\"name\": \"LÍNGUA ESTRANGEIRA MODERNA - INGLÊS E COMUNICAÇÃO PROFISSIONAL\", \"totalClasses\": 120}]','2022-11-09 12:29:56','2022-11-09 12:29:56'),(2,1,'Matutino','Ensino Médio com Itinerário Formativo',2,'E',1,'[{\"name\": \"MATEMÁTICA\", \"totalClasses\": 120}, {\"name\": \"ARTE\", \"totalClasses\": 120}, {\"name\": \"EDUCAÇÃO FÍSICA\", \"totalClasses\": 120}, {\"name\": \"FÍSICA\", \"totalClasses\": 120}, {\"name\": \"HISTÓRIA\", \"totalClasses\": 120}, {\"name\": \"QUÍMICA\", \"totalClasses\": 120}, {\"name\": \"BIOLOGIA\", \"totalClasses\": 120}, {\"name\": \"LÍNGUA ESTRANGEIRA MODERNA - ESPANHOL\", \"totalClasses\": 120}, {\"name\": \"LÍNGUA PORTUGUESA, LITERATURA E COMUNICAÇÃO PROFISSIONAL\", \"totalClasses\": 120}, {\"name\": \"LÍNGUA ESTRANGEIRA MODERNA - INGLÊS E COMUNICAÇÃO PROFISSIONAL\", \"totalClasses\": 120}]','2022-11-09 12:31:10','2022-11-09 12:31:10'),(3,1,'Matutino','Ensino Médio com Itinerário Formativo',3,'E',6,'[{\"name\": \"MATEMÁTICA\", \"totalClasses\": 120}, {\"name\": \"SOCIOLOGIA\", \"totalClasses\": 120}, {\"name\": \"FILOSOFIA\", \"totalClasses\": 120}, {\"name\": \"FÍSICA\", \"totalClasses\": 120}, {\"name\": \"HISTÓRIA\", \"totalClasses\": 120}, {\"name\": \"QUÍMICA\", \"totalClasses\": 120}, {\"name\": \"BIOLOGIA\", \"totalClasses\": 120}, {\"name\": \"LÍNGUA ESTRANGEIRA MODERNA - ESPANHOL\", \"totalClasses\": 120}, {\"name\": \"LÍNGUA PORTUGUESA, LITERATURA E COMUNICAÇÃO PROFISSIONAL\", \"totalClasses\": 120}, {\"name\": \"LÍNGUA ESTRANGEIRA MODERNA - INGLÊS E COMUNICAÇÃO PROFISSIONAL\", \"totalClasses\": 120}]','2022-11-09 12:31:22','2022-11-09 12:31:22'),(4,1,'Matutino','Ensino Médio com Técnico em Administração',1,'A',2,'[{\"name\": \"MATEMÁTICA\", \"totalClasses\": 200}, {\"name\": \"FÍSICA\", \"totalClasses\": 120}, {\"name\": \"HISTÓRIA\", \"totalClasses\": 120}, {\"name\": \"QUÍMICA\", \"totalClasses\": 120}, {\"name\": \"BIOLOGIA\", \"totalClasses\": 120}, {\"name\": \"GEOGRAFIA\", \"totalClasses\": 120}, {\"name\": \"LÍNGUA ESTRANGEIRA MODERNA - ESPANHOL\", \"totalClasses\": 200}, {\"name\": \"LÍNGUA PORTUGUESA, LITERATURA E COMUNICAÇÃO PROFISSIONAL\", \"totalClasses\": 200}, {\"name\": \"LÍNGUA ESTRANGEIRA MODERNA - INGLÊS E COMUNICAÇÃO PROFISSIONAL\", \"totalClasses\": 200}]','2022-11-09 12:32:02','2022-11-09 12:32:02'),(5,1,'Matutino','Ensino Médio com Técnico em Administração',2,'E',2,'[{\"name\": \"MATEMÁTICA\", \"totalClasses\": 200}, {\"name\": \"FÍSICA\", \"totalClasses\": 120}, {\"name\": \"HISTÓRIA\", \"totalClasses\": 120}, {\"name\": \"QUÍMICA\", \"totalClasses\": 120}, {\"name\": \"BIOLOGIA\", \"totalClasses\": 120}, {\"name\": \"GEOGRAFIA\", \"totalClasses\": 120}, {\"name\": \"LÍNGUA ESTRANGEIRA MODERNA - ESPANHOL\", \"totalClasses\": 200}, {\"name\": \"LÍNGUA PORTUGUESA, LITERATURA E COMUNICAÇÃO PROFISSIONAL\", \"totalClasses\": 200}, {\"name\": \"LÍNGUA ESTRANGEIRA MODERNA - INGLÊS E COMUNICAÇÃO PROFISSIONAL\", \"totalClasses\": 200}]','2022-11-09 12:34:55','2022-11-09 12:34:55'),(6,1,'Matutino','Ensino Médio com Técnico em Administração',3,'E',7,'[{\"name\": \"MATEMÁTICA\", \"totalClasses\": 200}, {\"name\": \"FÍSICA\", \"totalClasses\": 120}, {\"name\": \"HISTÓRIA\", \"totalClasses\": 120}, {\"name\": \"QUÍMICA\", \"totalClasses\": 120}, {\"name\": \"BIOLOGIA\", \"totalClasses\": 120}, {\"name\": \"GEOGRAFIA\", \"totalClasses\": 120}, {\"name\": \"LÍNGUA ESTRANGEIRA MODERNA - ESPANHOL\", \"totalClasses\": 200}, {\"name\": \"LÍNGUA PORTUGUESA, LITERATURA E COMUNICAÇÃO PROFISSIONAL\", \"totalClasses\": 200}, {\"name\": \"LÍNGUA ESTRANGEIRA MODERNA - INGLÊS E COMUNICAÇÃO PROFISSIONAL\", \"totalClasses\": 200}]','2022-11-09 12:39:06','2022-11-09 12:39:06'),(7,1,'Matutino','Ensino Médio com Técnico em Desenvolvimento de Sistemas',1,'A',3,'[{\"name\": \"MATEMÁTICA\", \"totalClasses\": 80}, {\"name\": \"FÍSICA\", \"totalClasses\": 80}, {\"name\": \"BIOLOGIA\", \"totalClasses\": 80}, {\"name\": \"GEOGRAFIA\", \"totalClasses\": 80}, {\"name\": \"PROGRAMAÇÃO WEB I\", \"totalClasses\": 120}, {\"name\": \"ANÁLISE E PROJETO DE SISTEMAS\", \"totalClasses\": 120}, {\"name\": \"DESIGN DIGITAL\", \"totalClasses\": 120}, {\"name\": \"FUNDAMENTOS DA INFORMÁTICA\", \"totalClasses\": 120}, {\"name\": \"TÉCNICAS DE PROGRAMAÇÃO E ALGORITMOS\", \"totalClasses\": 120}, {\"name\": \"BANCO DE DADOS I\", \"totalClasses\": 120}, {\"name\": \"LÍNGUA PORTUGUESA, LITERATURA E COMUNICAÇÃO PROFISSIONAL\", \"totalClasses\": 80}, {\"name\": \"LÍNGUA ESTRANGEIRA MODERNA - INGLÊS E COMUNICAÇÃO PROFISSIONAL\", \"totalClasses\": 80}]','2022-11-09 12:39:58','2022-11-09 12:39:58'),(8,1,'Matutino','Ensino Médio com Técnico em Desenvolvimento de Sistemas',2,'E',3,'[{\"name\": \"MATEMÁTICA\", \"totalClasses\": 80}, {\"name\": \"QUIMICA\", \"totalClasses\": 80}, {\"name\": \"BIOLOGIA\", \"totalClasses\": 80}, {\"name\": \"SOCIOLOGIA\", \"totalClasses\": 80}, {\"name\": \"PROGRAMAÇÃO WEB II\", \"totalClasses\": 120}, {\"name\": \"DESENVOLVIMENTO DE SISTEMAS\", \"totalClasses\": 120}, {\"name\": \"DESIGN DIGITAL\", \"totalClasses\": 120}, {\"name\": \"ÉTICA E CIDADANIA ORGANIZACIONAL\", \"totalClasses\": 120}, {\"name\": \"PROGRAMAÇÃO DE APLICATIVOS MOBILE I\", \"totalClasses\": 120}, {\"name\": \"BANCO DE DADOS II\", \"totalClasses\": 120}, {\"name\": \"LÍNGUA PORTUGUESA, LITERATURA E COMUNICAÇÃO PROFISSIONAL\", \"totalClasses\": 80}, {\"name\": \"LÍNGUA ESTRANGEIRA MODERNA - INGLÊS E COMUNICAÇÃO PROFISSIONAL\", \"totalClasses\": 80}]','2022-11-09 12:40:14','2022-11-09 12:40:14'),(9,1,'Matutino','Ensino Médio com Técnico em Desenvolvimento de Sistemas',3,'E',8,'[{\"name\": \"MATEMÁTICA\", \"totalClasses\": 80}, {\"name\": \"FILOSOFIA\", \"totalClasses\": 80}, {\"name\": \"SOCIOLOGIA\", \"totalClasses\": 80}, {\"name\": \"GEOGRAFIA\", \"totalClasses\": 80}, {\"name\": \"PROGRAMAÇÃO WEB III\", \"totalClasses\": 120}, {\"name\": \"PROGRAMAÇÃO DE APLICATIVOS MOBILE II\", \"totalClasses\": 120}, {\"name\": \"INTERNET, PROTOCOLOS E SEGURANÇA DE SISTEMAS DA INFORMAÇÃO\", \"totalClasses\": 120}, {\"name\": \"PLANEJAMENTO E DESENVOLVIMENTO DO TCC EM DESENVOLVIMENTO DE SISTEMAS\", \"totalClasses\": 120}, {\"name\": \"QUALIDADE E TESTE DE SOFTWARE\", \"totalClasses\": 120}, {\"name\": \"SISTEMAS EMBARCADOS\", \"totalClasses\": 120}, {\"name\": \"LÍNGUA PORTUGUESA, LITERATURA E COMUNICAÇÃO PROFISSIONAL\", \"totalClasses\": 80}, {\"name\": \"LÍNGUA ESTRANGEIRA MODERNA - ESPANHOL\", \"totalClasses\": 80}]','2022-11-09 12:40:27','2022-11-09 12:40:27'),(10,1,'Matutino','Ensino Médio com Técnico em Informática para Internet',1,'A',4,'[{\"name\": \"MATEMÁTICA\", \"totalClasses\": 120}, {\"name\": \"FÍSICA\", \"totalClasses\": 120}, {\"name\": \"BIOLOGIA\", \"totalClasses\": 120}, {\"name\": \"GEOGRAFIA\", \"totalClasses\": 80}, {\"name\": \"PROGRAMAÇÃO WEB I\", \"totalClasses\": 120}, {\"name\": \"ANÁLISE E PROJETO DE SISTEMAS\", \"totalClasses\": 120}, {\"name\": \"DESIGN DIGITAL\", \"totalClasses\": 120}, {\"name\": \"FUNDAMENTOS DA INFORMÁTICA\", \"totalClasses\": 120}, {\"name\": \"TÉCNICAS DE PROGRAMAÇÃO E ALGORITMOS\", \"totalClasses\": 120}, {\"name\": \"BANCO DE DADOS I\", \"totalClasses\": 120}, {\"name\": \"LÍNGUA PORTUGUESA, LITERATURA E COMUNICAÇÃO PROFISSIONAL\", \"totalClasses\": 120}, {\"name\": \"LÍNGUA ESTRANGEIRA MODERNA - INGLÊS E COMUNICAÇÃO PROFISSIONAL\", \"totalClasses\": 120}]','2022-11-09 12:43:48','2022-11-09 12:43:48'),(11,1,'Matutino','Ensino Médio com Técnico em Informática para Internet',2,'E',4,'[{\"name\": \"MATEMÁTICA\", \"totalClasses\": 120}, {\"name\": \"QUIMICA\", \"totalClasses\": 120}, {\"name\": \"BIOLOGIA\", \"totalClasses\": 120}, {\"name\": \"SOCIOLOGIA\", \"totalClasses\": 80}, {\"name\": \"PROGRAMAÇÃO WEB II\", \"totalClasses\": 120}, {\"name\": \"DESENVOLVIMENTO DE SISTEMAS\", \"totalClasses\": 120}, {\"name\": \"DESIGN DIGITAL\", \"totalClasses\": 120}, {\"name\": \"ÉTICA E CIDADANIA ORGANIZACIONAL\", \"totalClasses\": 120}, {\"name\": \"PROGRAMAÇÃO DE APLICATIVOS MOBILE I\", \"totalClasses\": 120}, {\"name\": \"BANCO DE DADOS II\", \"totalClasses\": 120}, {\"name\": \"LÍNGUA PORTUGUESA, LITERATURA E COMUNICAÇÃO PROFISSIONAL\", \"totalClasses\": 120}, {\"name\": \"LÍNGUA ESTRANGEIRA MODERNA - INGLÊS E COMUNICAÇÃO PROFISSIONAL\", \"totalClasses\": 120}]','2022-11-09 12:44:03','2022-11-09 12:44:03'),(12,1,'Matutino','Ensino Médio com Técnico em Informática para Internet',3,'E',9,'[{\"name\": \"MATEMÁTICA\", \"totalClasses\": 120}, {\"name\": \"FILOSOFIA\", \"totalClasses\": 120}, {\"name\": \"SOCIOLOGIA\", \"totalClasses\": 120}, {\"name\": \"GEOGRAFIA\", \"totalClasses\": 80}, {\"name\": \"PROGRAMAÇÃO WEB III\", \"totalClasses\": 120}, {\"name\": \"PROGRAMAÇÃO DE APLICATIVOS MOBILE II\", \"totalClasses\": 120}, {\"name\": \"INTERNET, PROTOCOLOS E SEGURANÇA DE SISTEMAS DA INFORMAÇÃO\", \"totalClasses\": 120}, {\"name\": \"PLANEJAMENTO E DESENVOLVIMENTO DO TCC EM DESENVOLVIMENTO DE SISTEMAS\", \"totalClasses\": 120}, {\"name\": \"QUALIDADE E TESTE DE SOFTWARE\", \"totalClasses\": 120}, {\"name\": \"SISTEMAS EMBARCADOS\", \"totalClasses\": 120}, {\"name\": \"LÍNGUA PORTUGUESA, LITERATURA E COMUNICAÇÃO PROFISSIONAL\", \"totalClasses\": 120}, {\"name\": \"LÍNGUA ESTRANGEIRA MODERNA - ESPANHOL\", \"totalClasses\": 120}]','2022-11-09 12:44:17','2022-11-09 12:44:17');
/*!40000 ALTER TABLE `class` ENABLE KEYS */;
UNLOCK TABLES;

--
-- Table structure for table `classLessons`
--

DROP TABLE IF EXISTS `classLessons`;
/*!40101 SET @saved_cs_client     = @@character_set_client */;
/*!50503 SET character_set_client = utf8mb4 */;
CREATE TABLE `classLessons` (
  `id` int NOT NULL AUTO_INCREMENT,
  `idClass` int NOT NULL,
  `monday` json NOT NULL,
  `tuesday` json NOT NULL,
  `wednesday` json NOT NULL,
  `thursday` json NOT NULL,
  `friday` json NOT NULL,
  `createdAt` datetime NOT NULL,
  `updatedAt` datetime NOT NULL,
  PRIMARY KEY (`id`),
  KEY `classLessons_ibfk_1` (`idClass`),
  CONSTRAINT `classLessons_ibfk_1` FOREIGN KEY (`idClass`) REFERENCES `class` (`id`) ON DELETE CASCADE ON UPDATE CASCADE
) ENGINE=InnoDB AUTO_INCREMENT=13 DEFAULT CHARSET=utf8mb4 COLLATE=utf8mb4_0900_ai_ci;
/*!40101 SET character_set_client = @saved_cs_client */;

--
-- Dumping data for table `classLessons`
--

LOCK TABLES `classLessons` WRITE;
/*!40000 ALTER TABLE `classLessons` DISABLE KEYS */;
INSERT INTO `classLessons` VALUES (1,1,'[{\"gang\": \"\", \"lesson\": 1, \"classTheme\": \"\"}, {\"gang\": \"\", \"lesson\": 2, \"classTheme\": \"\"}, {\"gang\": \"\", \"lesson\": 3, \"classTheme\": \"\"}, {\"gang\": \"\", \"lesson\": 4, \"classTheme\": \"\"}, {\"gang\": \"\", \"lesson\": 5, \"classTheme\": \"\"}, {\"gang\": \"\", \"lesson\": 6, \"classTheme\": \"\"}]','[{\"gang\": \"\", \"lesson\": 1, \"classTheme\": \"\"}, {\"gang\": \"\", \"lesson\": 2, \"classTheme\": \"\"}, {\"gang\": \"\", \"lesson\": 3, \"classTheme\": \"\"}, {\"gang\": \"\", \"lesson\": 4, \"classTheme\": \"\"}, {\"gang\": \"\", \"lesson\": 5, \"classTheme\": \"\"}, {\"gang\": \"\", \"lesson\": 6, \"classTheme\": \"\"}]','[{\"gang\": \"\", \"lesson\": 1, \"classTheme\": \"\"}, {\"gang\": \"\", \"lesson\": 2, \"classTheme\": \"\"}, {\"gang\": \"\", \"lesson\": 3, \"classTheme\": \"\"}, {\"gang\": \"\", \"lesson\": 4, \"classTheme\": \"\"}, {\"gang\": \"\", \"lesson\": 5, \"classTheme\": \"\"}, {\"gang\": \"\", \"lesson\": 6, \"classTheme\": \"\"}]','[{\"gang\": \"\", \"lesson\": 1, \"classTheme\": \"\"}, {\"gang\": \"\", \"lesson\": 2, \"classTheme\": \"\"}, {\"gang\": \"\", \"lesson\": 3, \"classTheme\": \"\"}, {\"gang\": \"\", \"lesson\": 4, \"classTheme\": \"\"}, {\"gang\": \"\", \"lesson\": 5, \"classTheme\": \"\"}, {\"gang\": \"\", \"lesson\": 6, \"classTheme\": \"\"}]','[{\"gang\": \"\", \"lesson\": 1, \"classTheme\": \"\"}, {\"gang\": \"\", \"lesson\": 2, \"classTheme\": \"\"}, {\"gang\": \"\", \"lesson\": 3, \"classTheme\": \"\"}, {\"gang\": \"\", \"lesson\": 4, \"classTheme\": \"\"}, {\"gang\": \"\", \"lesson\": 5, \"classTheme\": \"\"}, {\"gang\": \"\", \"lesson\": 6, \"classTheme\": \"\"}]','2022-11-09 12:29:56','2022-11-09 12:29:56'),(2,2,'[{\"gang\": \"\", \"lesson\": 1, \"classTheme\": \"\"}, {\"gang\": \"\", \"lesson\": 2, \"classTheme\": \"\"}, {\"gang\": \"\", \"lesson\": 3, \"classTheme\": \"\"}, {\"gang\": \"\", \"lesson\": 4, \"classTheme\": \"\"}, {\"gang\": \"\", \"lesson\": 5, \"classTheme\": \"\"}, {\"gang\": \"\", \"lesson\": 6, \"classTheme\": \"\"}]','[{\"gang\": \"\", \"lesson\": 1, \"classTheme\": \"\"}, {\"gang\": \"\", \"lesson\": 2, \"classTheme\": \"\"}, {\"gang\": \"\", \"lesson\": 3, \"classTheme\": \"\"}, {\"gang\": \"\", \"lesson\": 4, \"classTheme\": \"\"}, {\"gang\": \"\", \"lesson\": 5, \"classTheme\": \"\"}, {\"gang\": \"\", \"lesson\": 6, \"classTheme\": \"\"}]','[{\"gang\": \"\", \"lesson\": 1, \"classTheme\": \"\"}, {\"gang\": \"\", \"lesson\": 2, \"classTheme\": \"\"}, {\"gang\": \"\", \"lesson\": 3, \"classTheme\": \"\"}, {\"gang\": \"\", \"lesson\": 4, \"classTheme\": \"\"}, {\"gang\": \"\", \"lesson\": 5, \"classTheme\": \"\"}, {\"gang\": \"\", \"lesson\": 6, \"classTheme\": \"\"}]','[{\"gang\": \"\", \"lesson\": 1, \"classTheme\": \"\"}, {\"gang\": \"\", \"lesson\": 2, \"classTheme\": \"\"}, {\"gang\": \"\", \"lesson\": 3, \"classTheme\": \"\"}, {\"gang\": \"\", \"lesson\": 4, \"classTheme\": \"\"}, {\"gang\": \"\", \"lesson\": 5, \"classTheme\": \"\"}, {\"gang\": \"\", \"lesson\": 6, \"classTheme\": \"\"}]','[{\"gang\": \"\", \"lesson\": 1, \"classTheme\": \"\"}, {\"gang\": \"\", \"lesson\": 2, \"classTheme\": \"\"}, {\"gang\": \"\", \"lesson\": 3, \"classTheme\": \"\"}, {\"gang\": \"\", \"lesson\": 4, \"classTheme\": \"\"}, {\"gang\": \"\", \"lesson\": 5, \"classTheme\": \"\"}, {\"gang\": \"\", \"lesson\": 6, \"classTheme\": \"\"}]','2022-11-09 12:31:10','2022-11-09 12:31:10'),(3,3,'[{\"gang\": \"\", \"lesson\": 1, \"classTheme\": \"\"}, {\"gang\": \"\", \"lesson\": 2, \"classTheme\": \"\"}, {\"gang\": \"\", \"lesson\": 3, \"classTheme\": \"\"}, {\"gang\": \"\", \"lesson\": 4, \"classTheme\": \"\"}, {\"gang\": \"\", \"lesson\": 5, \"classTheme\": \"\"}, {\"gang\": \"\", \"lesson\": 6, \"classTheme\": \"\"}]','[{\"gang\": \"\", \"lesson\": 1, \"classTheme\": \"\"}, {\"gang\": \"\", \"lesson\": 2, \"classTheme\": \"\"}, {\"gang\": \"\", \"lesson\": 3, \"classTheme\": \"\"}, {\"gang\": \"\", \"lesson\": 4, \"classTheme\": \"\"}, {\"gang\": \"\", \"lesson\": 5, \"classTheme\": \"\"}, {\"gang\": \"\", \"lesson\": 6, \"classTheme\": \"\"}]','[{\"gang\": \"\", \"lesson\": 1, \"classTheme\": \"\"}, {\"gang\": \"\", \"lesson\": 2, \"classTheme\": \"\"}, {\"gang\": \"\", \"lesson\": 3, \"classTheme\": \"\"}, {\"gang\": \"\", \"lesson\": 4, \"classTheme\": \"\"}, {\"gang\": \"\", \"lesson\": 5, \"classTheme\": \"\"}, {\"gang\": \"\", \"lesson\": 6, \"classTheme\": \"\"}]','[{\"gang\": \"\", \"lesson\": 1, \"classTheme\": \"\"}, {\"gang\": \"\", \"lesson\": 2, \"classTheme\": \"\"}, {\"gang\": \"\", \"lesson\": 3, \"classTheme\": \"\"}, {\"gang\": \"\", \"lesson\": 4, \"classTheme\": \"\"}, {\"gang\": \"\", \"lesson\": 5, \"classTheme\": \"\"}, {\"gang\": \"\", \"lesson\": 6, \"classTheme\": \"\"}]','[{\"gang\": \"\", \"lesson\": 1, \"classTheme\": \"\"}, {\"gang\": \"\", \"lesson\": 2, \"classTheme\": \"\"}, {\"gang\": \"\", \"lesson\": 3, \"classTheme\": \"\"}, {\"gang\": \"\", \"lesson\": 4, \"classTheme\": \"\"}, {\"gang\": \"\", \"lesson\": 5, \"classTheme\": \"\"}, {\"gang\": \"\", \"lesson\": 6, \"classTheme\": \"\"}]','2022-11-09 12:31:23','2022-11-09 12:31:23'),(4,4,'[{\"gang\": \"\", \"lesson\": 1, \"classTheme\": \"\"}, {\"gang\": \"\", \"lesson\": 2, \"classTheme\": \"\"}, {\"gang\": \"\", \"lesson\": 3, \"classTheme\": \"\"}, {\"gang\": \"\", \"lesson\": 4, \"classTheme\": \"\"}, {\"gang\": \"\", \"lesson\": 5, \"classTheme\": \"\"}, {\"gang\": \"\", \"lesson\": 6, \"classTheme\": \"\"}, {\"gang\": \"\", \"lesson\": 7, \"classTheme\": \"\"}, {\"gang\": \"\", \"lesson\": 8, \"classTheme\": \"\"}]','[{\"gang\": \"\", \"lesson\": 1, \"classTheme\": \"\"}, {\"gang\": \"\", \"lesson\": 2, \"classTheme\": \"\"}, {\"gang\": \"\", \"lesson\": 3, \"classTheme\": \"\"}, {\"gang\": \"\", \"lesson\": 4, \"classTheme\": \"\"}, {\"gang\": \"\", \"lesson\": 5, \"classTheme\": \"\"}, {\"gang\": \"\", \"lesson\": 6, \"classTheme\": \"\"}, {\"gang\": \"\", \"lesson\": 7, \"classTheme\": \"\"}, {\"gang\": \"\", \"lesson\": 8, \"classTheme\": \"\"}]','[{\"gang\": \"\", \"lesson\": 1, \"classTheme\": \"\"}, {\"gang\": \"\", \"lesson\": 2, \"classTheme\": \"\"}, {\"gang\": \"\", \"lesson\": 3, \"classTheme\": \"\"}, {\"gang\": \"\", \"lesson\": 4, \"classTheme\": \"\"}, {\"gang\": \"\", \"lesson\": 5, \"classTheme\": \"\"}, {\"gang\": \"\", \"lesson\": 6, \"classTheme\": \"\"}, {\"gang\": \"\", \"lesson\": 7, \"classTheme\": \"\"}, {\"gang\": \"\", \"lesson\": 8, \"classTheme\": \"\"}]','[{\"gang\": \"\", \"lesson\": 1, \"classTheme\": \"\"}, {\"gang\": \"\", \"lesson\": 2, \"classTheme\": \"\"}, {\"gang\": \"\", \"lesson\": 3, \"classTheme\": \"\"}, {\"gang\": \"\", \"lesson\": 4, \"classTheme\": \"\"}, {\"gang\": \"\", \"lesson\": 5, \"classTheme\": \"\"}, {\"gang\": \"\", \"lesson\": 6, \"classTheme\": \"\"}, {\"gang\": \"\", \"lesson\": 7, \"classTheme\": \"\"}, {\"gang\": \"\", \"lesson\": 8, \"classTheme\": \"\"}]','[{\"gang\": \"\", \"lesson\": 1, \"classTheme\": \"\"}, {\"gang\": \"\", \"lesson\": 2, \"classTheme\": \"\"}, {\"gang\": \"\", \"lesson\": 3, \"classTheme\": \"\"}, {\"gang\": \"\", \"lesson\": 4, \"classTheme\": \"\"}, {\"gang\": \"\", \"lesson\": 5, \"classTheme\": \"\"}, {\"gang\": \"\", \"lesson\": 6, \"classTheme\": \"\"}, {\"gang\": \"\", \"lesson\": 7, \"classTheme\": \"\"}, {\"gang\": \"\", \"lesson\": 8, \"classTheme\": \"\"}]','2022-11-09 12:32:03','2022-11-09 12:32:03'),(5,5,'[{\"gang\": \"\", \"lesson\": 1, \"classTheme\": \"\"}, {\"gang\": \"\", \"lesson\": 2, \"classTheme\": \"\"}, {\"gang\": \"\", \"lesson\": 3, \"classTheme\": \"\"}, {\"gang\": \"\", \"lesson\": 4, \"classTheme\": \"\"}, {\"gang\": \"\", \"lesson\": 5, \"classTheme\": \"\"}, {\"gang\": \"\", \"lesson\": 6, \"classTheme\": \"\"}, {\"gang\": \"\", \"lesson\": 7, \"classTheme\": \"\"}, {\"gang\": \"\", \"lesson\": 8, \"classTheme\": \"\"}]','[{\"gang\": \"\", \"lesson\": 1, \"classTheme\": \"\"}, {\"gang\": \"\", \"lesson\": 2, \"classTheme\": \"\"}, {\"gang\": \"\", \"lesson\": 3, \"classTheme\": \"\"}, {\"gang\": \"\", \"lesson\": 4, \"classTheme\": \"\"}, {\"gang\": \"\", \"lesson\": 5, \"classTheme\": \"\"}, {\"gang\": \"\", \"lesson\": 6, \"classTheme\": \"\"}, {\"gang\": \"\", \"lesson\": 7, \"classTheme\": \"\"}, {\"gang\": \"\", \"lesson\": 8, \"classTheme\": \"\"}]','[{\"gang\": \"\", \"lesson\": 1, \"classTheme\": \"\"}, {\"gang\": \"\", \"lesson\": 2, \"classTheme\": \"\"}, {\"gang\": \"\", \"lesson\": 3, \"classTheme\": \"\"}, {\"gang\": \"\", \"lesson\": 4, \"classTheme\": \"\"}, {\"gang\": \"\", \"lesson\": 5, \"classTheme\": \"\"}, {\"gang\": \"\", \"lesson\": 6, \"classTheme\": \"\"}, {\"gang\": \"\", \"lesson\": 7, \"classTheme\": \"\"}, {\"gang\": \"\", \"lesson\": 8, \"classTheme\": \"\"}]','[{\"gang\": \"\", \"lesson\": 1, \"classTheme\": \"\"}, {\"gang\": \"\", \"lesson\": 2, \"classTheme\": \"\"}, {\"gang\": \"\", \"lesson\": 3, \"classTheme\": \"\"}, {\"gang\": \"\", \"lesson\": 4, \"classTheme\": \"\"}, {\"gang\": \"\", \"lesson\": 5, \"classTheme\": \"\"}, {\"gang\": \"\", \"lesson\": 6, \"classTheme\": \"\"}, {\"gang\": \"\", \"lesson\": 7, \"classTheme\": \"\"}, {\"gang\": \"\", \"lesson\": 8, \"classTheme\": \"\"}]','[{\"gang\": \"\", \"lesson\": 1, \"classTheme\": \"\"}, {\"gang\": \"\", \"lesson\": 2, \"classTheme\": \"\"}, {\"gang\": \"\", \"lesson\": 3, \"classTheme\": \"\"}, {\"gang\": \"\", \"lesson\": 4, \"classTheme\": \"\"}, {\"gang\": \"\", \"lesson\": 5, \"classTheme\": \"\"}, {\"gang\": \"\", \"lesson\": 6, \"classTheme\": \"\"}, {\"gang\": \"\", \"lesson\": 7, \"classTheme\": \"\"}, {\"gang\": \"\", \"lesson\": 8, \"classTheme\": \"\"}]','2022-11-09 12:34:55','2022-11-09 12:34:55'),(6,6,'[{\"gang\": \"\", \"lesson\": 1, \"classTheme\": \"\"}, {\"gang\": \"\", \"lesson\": 2, \"classTheme\": \"\"}, {\"gang\": \"\", \"lesson\": 3, \"classTheme\": \"\"}, {\"gang\": \"\", \"lesson\": 4, \"classTheme\": \"\"}, {\"gang\": \"\", \"lesson\": 5, \"classTheme\": \"\"}, {\"gang\": \"\", \"lesson\": 6, \"classTheme\": \"\"}, {\"gang\": \"\", \"lesson\": 7, \"classTheme\": \"\"}, {\"gang\": \"\", \"lesson\": 8, \"classTheme\": \"\"}]','[{\"gang\": \"\", \"lesson\": 1, \"classTheme\": \"\"}, {\"gang\": \"\", \"lesson\": 2, \"classTheme\": \"\"}, {\"gang\": \"\", \"lesson\": 3, \"classTheme\": \"\"}, {\"gang\": \"\", \"lesson\": 4, \"classTheme\": \"\"}, {\"gang\": \"\", \"lesson\": 5, \"classTheme\": \"\"}, {\"gang\": \"\", \"lesson\": 6, \"classTheme\": \"\"}, {\"gang\": \"\", \"lesson\": 7, \"classTheme\": \"\"}, {\"gang\": \"\", \"lesson\": 8, \"classTheme\": \"\"}]','[{\"gang\": \"\", \"lesson\": 1, \"classTheme\": \"\"}, {\"gang\": \"\", \"lesson\": 2, \"classTheme\": \"\"}, {\"gang\": \"\", \"lesson\": 3, \"classTheme\": \"\"}, {\"gang\": \"\", \"lesson\": 4, \"classTheme\": \"\"}, {\"gang\": \"\", \"lesson\": 5, \"classTheme\": \"\"}, {\"gang\": \"\", \"lesson\": 6, \"classTheme\": \"\"}, {\"gang\": \"\", \"lesson\": 7, \"classTheme\": \"\"}, {\"gang\": \"\", \"lesson\": 8, \"classTheme\": \"\"}]','[{\"gang\": \"\", \"lesson\": 1, \"classTheme\": \"\"}, {\"gang\": \"\", \"lesson\": 2, \"classTheme\": \"\"}, {\"gang\": \"\", \"lesson\": 3, \"classTheme\": \"\"}, {\"gang\": \"\", \"lesson\": 4, \"classTheme\": \"\"}, {\"gang\": \"\", \"lesson\": 5, \"classTheme\": \"\"}, {\"gang\": \"\", \"lesson\": 6, \"classTheme\": \"\"}, {\"gang\": \"\", \"lesson\": 7, \"classTheme\": \"\"}, {\"gang\": \"\", \"lesson\": 8, \"classTheme\": \"\"}]','[{\"gang\": \"\", \"lesson\": 1, \"classTheme\": \"\"}, {\"gang\": \"\", \"lesson\": 2, \"classTheme\": \"\"}, {\"gang\": \"\", \"lesson\": 3, \"classTheme\": \"\"}, {\"gang\": \"\", \"lesson\": 4, \"classTheme\": \"\"}, {\"gang\": \"\", \"lesson\": 5, \"classTheme\": \"\"}, {\"gang\": \"\", \"lesson\": 6, \"classTheme\": \"\"}, {\"gang\": \"\", \"lesson\": 7, \"classTheme\": \"\"}, {\"gang\": \"\", \"lesson\": 8, \"classTheme\": \"\"}]','2022-11-09 12:39:06','2022-11-09 12:39:06'),(7,7,'[{\"gang\": \"\", \"lesson\": 1, \"classTheme\": \"\"}, {\"gang\": \"\", \"lesson\": 2, \"classTheme\": \"\"}, {\"gang\": \"\", \"lesson\": 3, \"classTheme\": \"\"}, {\"gang\": \"\", \"lesson\": 4, \"classTheme\": \"\"}, {\"gang\": \"\", \"lesson\": 5, \"classTheme\": \"\"}, {\"gang\": \"\", \"lesson\": 6, \"classTheme\": \"\"}]','[{\"gang\": \"\", \"lesson\": 1, \"classTheme\": \"\"}, {\"gang\": \"\", \"lesson\": 2, \"classTheme\": \"\"}, {\"gang\": \"\", \"lesson\": 3, \"classTheme\": \"\"}, {\"gang\": \"\", \"lesson\": 4, \"classTheme\": \"\"}, {\"gang\": \"\", \"lesson\": 5, \"classTheme\": \"\"}, {\"gang\": \"\", \"lesson\": 6, \"classTheme\": \"\"}]','[{\"gang\": \"\", \"lesson\": 1, \"classTheme\": \"\"}, {\"gang\": \"\", \"lesson\": 2, \"classTheme\": \"\"}, {\"gang\": \"\", \"lesson\": 3, \"classTheme\": \"\"}, {\"gang\": \"\", \"lesson\": 4, \"classTheme\": \"\"}, {\"gang\": \"\", \"lesson\": 5, \"classTheme\": \"\"}, {\"gang\": \"\", \"lesson\": 6, \"classTheme\": \"\"}]','[{\"gang\": \"\", \"lesson\": 1, \"classTheme\": \"\"}, {\"gang\": \"\", \"lesson\": 2, \"classTheme\": \"\"}, {\"gang\": \"\", \"lesson\": 3, \"classTheme\": \"\"}, {\"gang\": \"\", \"lesson\": 4, \"classTheme\": \"\"}, {\"gang\": \"\", \"lesson\": 5, \"classTheme\": \"\"}, {\"gang\": \"\", \"lesson\": 6, \"classTheme\": \"\"}]','[{\"gang\": \"\", \"lesson\": 1, \"classTheme\": \"\"}, {\"gang\": \"\", \"lesson\": 2, \"classTheme\": \"\"}, {\"gang\": \"\", \"lesson\": 3, \"classTheme\": \"\"}, {\"gang\": \"\", \"lesson\": 4, \"classTheme\": \"\"}, {\"gang\": \"\", \"lesson\": 5, \"classTheme\": \"\"}, {\"gang\": \"\", \"lesson\": 6, \"classTheme\": \"\"}]','2022-11-09 12:39:58','2022-11-09 12:39:58'),(8,8,'[{\"gang\": \"\", \"lesson\": 1, \"classTheme\": \"\"}, {\"gang\": \"\", \"lesson\": 2, \"classTheme\": \"\"}, {\"gang\": \"\", \"lesson\": 3, \"classTheme\": \"\"}, {\"gang\": \"\", \"lesson\": 4, \"classTheme\": \"\"}, {\"gang\": \"\", \"lesson\": 5, \"classTheme\": \"\"}, {\"gang\": \"\", \"lesson\": 6, \"classTheme\": \"\"}]','[{\"gang\": \"\", \"lesson\": 1, \"classTheme\": \"\"}, {\"gang\": \"\", \"lesson\": 2, \"classTheme\": \"\"}, {\"gang\": \"\", \"lesson\": 3, \"classTheme\": \"\"}, {\"gang\": \"\", \"lesson\": 4, \"classTheme\": \"\"}, {\"gang\": \"\", \"lesson\": 5, \"classTheme\": \"\"}, {\"gang\": \"\", \"lesson\": 6, \"classTheme\": \"\"}]','[{\"gang\": \"\", \"lesson\": 1, \"classTheme\": \"\"}, {\"gang\": \"\", \"lesson\": 2, \"classTheme\": \"\"}, {\"gang\": \"\", \"lesson\": 3, \"classTheme\": \"\"}, {\"gang\": \"\", \"lesson\": 4, \"classTheme\": \"\"}, {\"gang\": \"\", \"lesson\": 5, \"classTheme\": \"\"}, {\"gang\": \"\", \"lesson\": 6, \"classTheme\": \"\"}]','[{\"gang\": \"\", \"lesson\": 1, \"classTheme\": \"\"}, {\"gang\": \"\", \"lesson\": 2, \"classTheme\": \"\"}, {\"gang\": \"\", \"lesson\": 3, \"classTheme\": \"\"}, {\"gang\": \"\", \"lesson\": 4, \"classTheme\": \"\"}, {\"gang\": \"\", \"lesson\": 5, \"classTheme\": \"\"}, {\"gang\": \"\", \"lesson\": 6, \"classTheme\": \"\"}]','[{\"gang\": \"\", \"lesson\": 1, \"classTheme\": \"\"}, {\"gang\": \"\", \"lesson\": 2, \"classTheme\": \"\"}, {\"gang\": \"\", \"lesson\": 3, \"classTheme\": \"\"}, {\"gang\": \"\", \"lesson\": 4, \"classTheme\": \"\"}, {\"gang\": \"\", \"lesson\": 5, \"classTheme\": \"\"}, {\"gang\": \"\", \"lesson\": 6, \"classTheme\": \"\"}]','2022-11-09 12:40:14','2022-11-09 12:40:14'),(9,9,'[{\"gang\": \"\", \"lesson\": 1, \"classTheme\": \"\"}, {\"gang\": \"\", \"lesson\": 2, \"classTheme\": \"\"}, {\"gang\": \"\", \"lesson\": 3, \"classTheme\": \"\"}, {\"gang\": \"\", \"lesson\": 4, \"classTheme\": \"\"}, {\"gang\": \"\", \"lesson\": 5, \"classTheme\": \"\"}, {\"gang\": \"\", \"lesson\": 6, \"classTheme\": \"\"}]','[{\"gang\": \"\", \"lesson\": 1, \"classTheme\": \"\"}, {\"gang\": \"\", \"lesson\": 2, \"classTheme\": \"\"}, {\"gang\": \"\", \"lesson\": 3, \"classTheme\": \"\"}, {\"gang\": \"\", \"lesson\": 4, \"classTheme\": \"\"}, {\"gang\": \"\", \"lesson\": 5, \"classTheme\": \"\"}, {\"gang\": \"\", \"lesson\": 6, \"classTheme\": \"\"}]','[{\"gang\": \"\", \"lesson\": 1, \"classTheme\": \"\"}, {\"gang\": \"\", \"lesson\": 2, \"classTheme\": \"\"}, {\"gang\": \"\", \"lesson\": 3, \"classTheme\": \"\"}, {\"gang\": \"\", \"lesson\": 4, \"classTheme\": \"\"}, {\"gang\": \"\", \"lesson\": 5, \"classTheme\": \"\"}, {\"gang\": \"\", \"lesson\": 6, \"classTheme\": \"\"}]','[{\"gang\": \"\", \"lesson\": 1, \"classTheme\": \"\"}, {\"gang\": \"\", \"lesson\": 2, \"classTheme\": \"\"}, {\"gang\": \"\", \"lesson\": 3, \"classTheme\": \"\"}, {\"gang\": \"\", \"lesson\": 4, \"classTheme\": \"\"}, {\"gang\": \"\", \"lesson\": 5, \"classTheme\": \"\"}, {\"gang\": \"\", \"lesson\": 6, \"classTheme\": \"\"}]','[{\"gang\": \"\", \"lesson\": 1, \"classTheme\": \"\"}, {\"gang\": \"\", \"lesson\": 2, \"classTheme\": \"\"}, {\"gang\": \"\", \"lesson\": 3, \"classTheme\": \"\"}, {\"gang\": \"\", \"lesson\": 4, \"classTheme\": \"\"}, {\"gang\": \"\", \"lesson\": 5, \"classTheme\": \"\"}, {\"gang\": \"\", \"lesson\": 6, \"classTheme\": \"\"}]','2022-11-09 12:40:27','2022-11-09 12:40:27'),(10,10,'[{\"gang\": \"\", \"lesson\": 1, \"classTheme\": \"\"}, {\"gang\": \"\", \"lesson\": 2, \"classTheme\": \"\"}, {\"gang\": \"\", \"lesson\": 3, \"classTheme\": \"\"}, {\"gang\": \"\", \"lesson\": 4, \"classTheme\": \"\"}, {\"gang\": \"\", \"lesson\": 5, \"classTheme\": \"\"}, {\"gang\": \"\", \"lesson\": 6, \"classTheme\": \"\"}, {\"gang\": \"\", \"lesson\": 7, \"classTheme\": \"\"}, {\"gang\": \"\", \"lesson\": 8, \"classTheme\": \"\"}]','[{\"gang\": \"\", \"lesson\": 1, \"classTheme\": \"\"}, {\"gang\": \"\", \"lesson\": 2, \"classTheme\": \"\"}, {\"gang\": \"\", \"lesson\": 3, \"classTheme\": \"\"}, {\"gang\": \"\", \"lesson\": 4, \"classTheme\": \"\"}, {\"gang\": \"\", \"lesson\": 5, \"classTheme\": \"\"}, {\"gang\": \"\", \"lesson\": 6, \"classTheme\": \"\"}, {\"gang\": \"\", \"lesson\": 7, \"classTheme\": \"\"}, {\"gang\": \"\", \"lesson\": 8, \"classTheme\": \"\"}]','[{\"gang\": \"\", \"lesson\": 1, \"classTheme\": \"\"}, {\"gang\": \"\", \"lesson\": 2, \"classTheme\": \"\"}, {\"gang\": \"\", \"lesson\": 3, \"classTheme\": \"\"}, {\"gang\": \"\", \"lesson\": 4, \"classTheme\": \"\"}, {\"gang\": \"\", \"lesson\": 5, \"classTheme\": \"\"}, {\"gang\": \"\", \"lesson\": 6, \"classTheme\": \"\"}, {\"gang\": \"\", \"lesson\": 7, \"classTheme\": \"\"}, {\"gang\": \"\", \"lesson\": 8, \"classTheme\": \"\"}]','[{\"gang\": \"\", \"lesson\": 1, \"classTheme\": \"\"}, {\"gang\": \"\", \"lesson\": 2, \"classTheme\": \"\"}, {\"gang\": \"\", \"lesson\": 3, \"classTheme\": \"\"}, {\"gang\": \"\", \"lesson\": 4, \"classTheme\": \"\"}, {\"gang\": \"\", \"lesson\": 5, \"classTheme\": \"\"}, {\"gang\": \"\", \"lesson\": 6, \"classTheme\": \"\"}, {\"gang\": \"\", \"lesson\": 7, \"classTheme\": \"\"}, {\"gang\": \"\", \"lesson\": 8, \"classTheme\": \"\"}]','[{\"gang\": \"\", \"lesson\": 1, \"classTheme\": \"\"}, {\"gang\": \"\", \"lesson\": 2, \"classTheme\": \"\"}, {\"gang\": \"\", \"lesson\": 3, \"classTheme\": \"\"}, {\"gang\": \"\", \"lesson\": 4, \"classTheme\": \"\"}, {\"gang\": \"\", \"lesson\": 5, \"classTheme\": \"\"}, {\"gang\": \"\", \"lesson\": 6, \"classTheme\": \"\"}, {\"gang\": \"\", \"lesson\": 7, \"classTheme\": \"\"}, {\"gang\": \"\", \"lesson\": 8, \"classTheme\": \"\"}]','2022-11-09 12:43:48','2022-11-09 12:43:48'),(11,11,'[{\"gang\": \"\", \"lesson\": 1, \"classTheme\": \"\"}, {\"gang\": \"\", \"lesson\": 2, \"classTheme\": \"\"}, {\"gang\": \"\", \"lesson\": 3, \"classTheme\": \"\"}, {\"gang\": \"\", \"lesson\": 4, \"classTheme\": \"\"}, {\"gang\": \"\", \"lesson\": 5, \"classTheme\": \"\"}, {\"gang\": \"\", \"lesson\": 6, \"classTheme\": \"\"}, {\"gang\": \"\", \"lesson\": 7, \"classTheme\": \"\"}, {\"gang\": \"\", \"lesson\": 8, \"classTheme\": \"\"}]','[{\"gang\": \"\", \"lesson\": 1, \"classTheme\": \"\"}, {\"gang\": \"\", \"lesson\": 2, \"classTheme\": \"\"}, {\"gang\": \"\", \"lesson\": 3, \"classTheme\": \"\"}, {\"gang\": \"\", \"lesson\": 4, \"classTheme\": \"\"}, {\"gang\": \"\", \"lesson\": 5, \"classTheme\": \"\"}, {\"gang\": \"\", \"lesson\": 6, \"classTheme\": \"\"}, {\"gang\": \"\", \"lesson\": 7, \"classTheme\": \"\"}, {\"gang\": \"\", \"lesson\": 8, \"classTheme\": \"\"}]','[{\"gang\": \"\", \"lesson\": 1, \"classTheme\": \"\"}, {\"gang\": \"\", \"lesson\": 2, \"classTheme\": \"\"}, {\"gang\": \"\", \"lesson\": 3, \"classTheme\": \"\"}, {\"gang\": \"\", \"lesson\": 4, \"classTheme\": \"\"}, {\"gang\": \"\", \"lesson\": 5, \"classTheme\": \"\"}, {\"gang\": \"\", \"lesson\": 6, \"classTheme\": \"\"}, {\"gang\": \"\", \"lesson\": 7, \"classTheme\": \"\"}, {\"gang\": \"\", \"lesson\": 8, \"classTheme\": \"\"}]','[{\"gang\": \"\", \"lesson\": 1, \"classTheme\": \"\"}, {\"gang\": \"\", \"lesson\": 2, \"classTheme\": \"\"}, {\"gang\": \"\", \"lesson\": 3, \"classTheme\": \"\"}, {\"gang\": \"\", \"lesson\": 4, \"classTheme\": \"\"}, {\"gang\": \"\", \"lesson\": 5, \"classTheme\": \"\"}, {\"gang\": \"\", \"lesson\": 6, \"classTheme\": \"\"}, {\"gang\": \"\", \"lesson\": 7, \"classTheme\": \"\"}, {\"gang\": \"\", \"lesson\": 8, \"classTheme\": \"\"}]','[{\"gang\": \"\", \"lesson\": 1, \"classTheme\": \"\"}, {\"gang\": \"\", \"lesson\": 2, \"classTheme\": \"\"}, {\"gang\": \"\", \"lesson\": 3, \"classTheme\": \"\"}, {\"gang\": \"\", \"lesson\": 4, \"classTheme\": \"\"}, {\"gang\": \"\", \"lesson\": 5, \"classTheme\": \"\"}, {\"gang\": \"\", \"lesson\": 6, \"classTheme\": \"\"}, {\"gang\": \"\", \"lesson\": 7, \"classTheme\": \"\"}, {\"gang\": \"\", \"lesson\": 8, \"classTheme\": \"\"}]','2022-11-09 12:44:03','2022-11-09 12:44:03'),(12,12,'[{\"gang\": \"\", \"lesson\": 1, \"classTheme\": \"\"}, {\"gang\": \"\", \"lesson\": 2, \"classTheme\": \"\"}, {\"gang\": \"\", \"lesson\": 3, \"classTheme\": \"\"}, {\"gang\": \"\", \"lesson\": 4, \"classTheme\": \"\"}, {\"gang\": \"\", \"lesson\": 5, \"classTheme\": \"\"}, {\"gang\": \"\", \"lesson\": 6, \"classTheme\": \"\"}, {\"gang\": \"\", \"lesson\": 7, \"classTheme\": \"\"}, {\"gang\": \"\", \"lesson\": 8, \"classTheme\": \"\"}]','[{\"gang\": \"\", \"lesson\": 1, \"classTheme\": \"\"}, {\"gang\": \"\", \"lesson\": 2, \"classTheme\": \"\"}, {\"gang\": \"\", \"lesson\": 3, \"classTheme\": \"\"}, {\"gang\": \"\", \"lesson\": 4, \"classTheme\": \"\"}, {\"gang\": \"\", \"lesson\": 5, \"classTheme\": \"\"}, {\"gang\": \"\", \"lesson\": 6, \"classTheme\": \"\"}, {\"gang\": \"\", \"lesson\": 7, \"classTheme\": \"\"}, {\"gang\": \"\", \"lesson\": 8, \"classTheme\": \"\"}]','[{\"gang\": \"\", \"lesson\": 1, \"classTheme\": \"\"}, {\"gang\": \"\", \"lesson\": 2, \"classTheme\": \"\"}, {\"gang\": \"\", \"lesson\": 3, \"classTheme\": \"\"}, {\"gang\": \"\", \"lesson\": 4, \"classTheme\": \"\"}, {\"gang\": \"\", \"lesson\": 5, \"classTheme\": \"\"}, {\"gang\": \"\", \"lesson\": 6, \"classTheme\": \"\"}, {\"gang\": \"\", \"lesson\": 7, \"classTheme\": \"\"}, {\"gang\": \"\", \"lesson\": 8, \"classTheme\": \"\"}]','[{\"gang\": \"\", \"lesson\": 1, \"classTheme\": \"\"}, {\"gang\": \"\", \"lesson\": 2, \"classTheme\": \"\"}, {\"gang\": \"\", \"lesson\": 3, \"classTheme\": \"\"}, {\"gang\": \"\", \"lesson\": 4, \"classTheme\": \"\"}, {\"gang\": \"\", \"lesson\": 5, \"classTheme\": \"\"}, {\"gang\": \"\", \"lesson\": 6, \"classTheme\": \"\"}, {\"gang\": \"\", \"lesson\": 7, \"classTheme\": \"\"}, {\"gang\": \"\", \"lesson\": 8, \"classTheme\": \"\"}]','[{\"gang\": \"\", \"lesson\": 1, \"classTheme\": \"\"}, {\"gang\": \"\", \"lesson\": 2, \"classTheme\": \"\"}, {\"gang\": \"\", \"lesson\": 3, \"classTheme\": \"\"}, {\"gang\": \"\", \"lesson\": 4, \"classTheme\": \"\"}, {\"gang\": \"\", \"lesson\": 5, \"classTheme\": \"\"}, {\"gang\": \"\", \"lesson\": 6, \"classTheme\": \"\"}, {\"gang\": \"\", \"lesson\": 7, \"classTheme\": \"\"}, {\"gang\": \"\", \"lesson\": 8, \"classTheme\": \"\"}]','2022-11-09 12:44:18','2022-11-09 12:44:18');
/*!40000 ALTER TABLE `classLessons` ENABLE KEYS */;
UNLOCK TABLES;

--
-- Table structure for table `evaluations`
--

DROP TABLE IF EXISTS `evaluations`;
/*!40101 SET @saved_cs_client     = @@character_set_client */;
/*!50503 SET character_set_client = utf8mb4 */;
CREATE TABLE `evaluations` (
  `id` int NOT NULL AUTO_INCREMENT,
  `idSchoolCall` int NOT NULL,
  `description` varchar(255) NOT NULL,
  `method` varchar(255) NOT NULL,
  `instruments` varchar(255) NOT NULL,
  `grades` json NOT NULL,
  `createdAt` datetime NOT NULL,
  `updatedAt` datetime NOT NULL,
  PRIMARY KEY (`id`),
  KEY `evaluations_ibfk_1` (`idSchoolCall`),
  CONSTRAINT `evaluations_ibfk_1` FOREIGN KEY (`idSchoolCall`) REFERENCES `schoolcalls` (`id`) ON DELETE CASCADE ON UPDATE CASCADE
) ENGINE=InnoDB DEFAULT CHARSET=utf8mb4 COLLATE=utf8mb4_0900_ai_ci;
/*!40101 SET character_set_client = @saved_cs_client */;

--
-- Dumping data for table `evaluations`
--

LOCK TABLES `evaluations` WRITE;
/*!40000 ALTER TABLE `evaluations` DISABLE KEYS */;
/*!40000 ALTER TABLE `evaluations` ENABLE KEYS */;
UNLOCK TABLES;

--
-- Table structure for table `frequency`
--

DROP TABLE IF EXISTS `frequency`;
/*!40101 SET @saved_cs_client     = @@character_set_client */;
/*!50503 SET character_set_client = utf8mb4 */;
CREATE TABLE `frequency` (
  `id` int NOT NULL AUTO_INCREMENT,
  `idStudentClasses` int NOT NULL,
  `classTheme` varchar(255) NOT NULL,
  `totalClasses` int NOT NULL,
  `classGiven` int NOT NULL,
  `absence` int NOT NULL,
  `createdAt` datetime NOT NULL,
  `updatedAt` datetime NOT NULL,
  PRIMARY KEY (`id`),
  KEY `frequency_ibfk_1` (`idStudentClasses`),
  CONSTRAINT `frequency_ibfk_1` FOREIGN KEY (`idStudentClasses`) REFERENCES `studentclasses` (`id`) ON DELETE CASCADE ON UPDATE CASCADE
) ENGINE=InnoDB AUTO_INCREMENT=205 DEFAULT CHARSET=utf8mb4 COLLATE=utf8mb4_0900_ai_ci;
/*!40101 SET character_set_client = @saved_cs_client */;

--
-- Dumping data for table `frequency`
--

LOCK TABLES `frequency` WRITE;
/*!40000 ALTER TABLE `frequency` DISABLE KEYS */;
INSERT INTO `frequency` VALUES (1,1,'MATEMÁTICA',80,0,0,'2022-11-09 17:07:43','2022-11-09 17:07:43'),(2,1,'FILOSOFIA',80,0,0,'2022-11-09 17:07:43','2022-11-09 17:07:43'),(3,1,'SOCIOLOGIA',80,0,0,'2022-11-09 17:07:43','2022-11-09 17:07:43'),(4,1,'GEOGRAFIA',80,0,0,'2022-11-09 17:07:43','2022-11-09 17:07:43'),(5,1,'PROGRAMAÇÃO WEB III',120,0,0,'2022-11-09 17:07:43','2022-11-09 17:07:43'),(6,1,'PROGRAMAÇÃO DE APLICATIVOS MOBILE II',120,0,0,'2022-11-09 17:07:43','2022-11-09 17:07:43'),(7,1,'INTERNET, PROTOCOLOS E SEGURANÇA DE SISTEMAS DA INFORMAÇÃO',120,0,0,'2022-11-09 17:07:43','2022-11-09 17:07:43'),(8,1,'PLANEJAMENTO E DESENVOLVIMENTO DO TCC EM DESENVOLVIMENTO DE SISTEMAS',120,1,0,'2022-11-09 17:07:43','2022-11-09 21:32:41'),(9,1,'QUALIDADE E TESTE DE SOFTWARE',120,1,1,'2022-11-09 17:07:43','2022-11-09 21:31:48'),(10,1,'SISTEMAS EMBARCADOS',120,0,0,'2022-11-09 17:07:43','2022-11-09 17:07:43'),(11,1,'LÍNGUA PORTUGUESA, LITERATURA E COMUNICAÇÃO PROFISSIONAL',80,0,0,'2022-11-09 17:07:43','2022-11-09 17:07:43'),(12,1,'LÍNGUA ESTRANGEIRA MODERNA - ESPANHOL',80,0,0,'2022-11-09 17:07:43','2022-11-09 17:07:43'),(13,2,'MATEMÁTICA',80,0,0,'2022-11-09 17:13:53','2022-11-09 17:13:53'),(14,2,'FILOSOFIA',80,0,0,'2022-11-09 17:13:53','2022-11-09 17:13:53'),(15,2,'SOCIOLOGIA',80,0,0,'2022-11-09 17:13:53','2022-11-09 17:13:53'),(16,2,'GEOGRAFIA',80,0,0,'2022-11-09 17:13:53','2022-11-09 17:13:53'),(17,2,'PROGRAMAÇÃO WEB III',120,0,0,'2022-11-09 17:13:53','2022-11-09 17:13:53'),(18,2,'PROGRAMAÇÃO DE APLICATIVOS MOBILE II',120,0,0,'2022-11-09 17:13:53','2022-11-09 17:13:53'),(19,2,'INTERNET, PROTOCOLOS E SEGURANÇA DE SISTEMAS DA INFORMAÇÃO',120,0,0,'2022-11-09 17:13:53','2022-11-09 17:13:53'),(20,2,'PLANEJAMENTO E DESENVOLVIMENTO DO TCC EM DESENVOLVIMENTO DE SISTEMAS',120,1,0,'2022-11-09 17:13:53','2022-11-09 21:32:41'),(21,2,'QUALIDADE E TESTE DE SOFTWARE',120,0,0,'2022-11-09 17:13:53','2022-11-09 17:13:53'),(22,2,'SISTEMAS EMBARCADOS',120,0,0,'2022-11-09 17:13:53','2022-11-09 17:13:53'),(23,2,'LÍNGUA PORTUGUESA, LITERATURA E COMUNICAÇÃO PROFISSIONAL',80,0,0,'2022-11-09 17:13:53','2022-11-09 17:13:53'),(24,2,'LÍNGUA ESTRANGEIRA MODERNA - ESPANHOL',80,0,0,'2022-11-09 17:13:53','2022-11-09 17:13:53'),(25,3,'MATEMÁTICA',80,0,0,'2022-11-09 17:19:37','2022-11-09 17:19:37'),(26,3,'FILOSOFIA',80,0,0,'2022-11-09 17:19:37','2022-11-09 17:19:37'),(27,3,'SOCIOLOGIA',80,0,0,'2022-11-09 17:19:37','2022-11-09 17:19:37'),(28,3,'GEOGRAFIA',80,0,0,'2022-11-09 17:19:37','2022-11-09 17:19:37'),(29,3,'PROGRAMAÇÃO WEB III',120,0,0,'2022-11-09 17:19:37','2022-11-09 17:19:37'),(30,3,'PROGRAMAÇÃO DE APLICATIVOS MOBILE II',120,0,0,'2022-11-09 17:19:37','2022-11-09 17:19:37'),(31,3,'INTERNET, PROTOCOLOS E SEGURANÇA DE SISTEMAS DA INFORMAÇÃO',120,0,0,'2022-11-09 17:19:37','2022-11-09 17:19:37'),(32,3,'PLANEJAMENTO E DESENVOLVIMENTO DO TCC EM DESENVOLVIMENTO DE SISTEMAS',120,1,0,'2022-11-09 17:19:37','2022-11-09 21:32:41'),(33,3,'QUALIDADE E TESTE DE SOFTWARE',120,1,0,'2022-11-09 17:19:37','2022-11-09 21:31:49'),(34,3,'SISTEMAS EMBARCADOS',120,0,0,'2022-11-09 17:19:37','2022-11-09 17:19:37'),(35,3,'LÍNGUA PORTUGUESA, LITERATURA E COMUNICAÇÃO PROFISSIONAL',80,0,0,'2022-11-09 17:19:37','2022-11-09 17:19:37'),(36,3,'LÍNGUA ESTRANGEIRA MODERNA - ESPANHOL',80,0,0,'2022-11-09 17:19:37','2022-11-09 17:19:37'),(37,4,'MATEMÁTICA',80,0,0,'2022-11-09 17:23:03','2022-11-09 17:23:03'),(38,4,'FILOSOFIA',80,0,0,'2022-11-09 17:23:03','2022-11-09 17:23:03'),(39,4,'SOCIOLOGIA',80,0,0,'2022-11-09 17:23:03','2022-11-09 17:23:03'),(40,4,'GEOGRAFIA',80,0,0,'2022-11-09 17:23:03','2022-11-09 17:23:03'),(41,4,'PROGRAMAÇÃO WEB III',120,0,0,'2022-11-09 17:23:03','2022-11-09 17:23:03'),(42,4,'PROGRAMAÇÃO DE APLICATIVOS MOBILE II',120,0,0,'2022-11-09 17:23:03','2022-11-09 17:23:03'),(43,4,'INTERNET, PROTOCOLOS E SEGURANÇA DE SISTEMAS DA INFORMAÇÃO',120,0,0,'2022-11-09 17:23:03','2022-11-09 17:23:03'),(44,4,'PLANEJAMENTO E DESENVOLVIMENTO DO TCC EM DESENVOLVIMENTO DE SISTEMAS',120,1,1,'2022-11-09 17:23:03','2022-11-09 21:32:41'),(45,4,'QUALIDADE E TESTE DE SOFTWARE',120,0,0,'2022-11-09 17:23:03','2022-11-09 17:23:03'),(46,4,'SISTEMAS EMBARCADOS',120,0,0,'2022-11-09 17:23:03','2022-11-09 17:23:03'),(47,4,'LÍNGUA PORTUGUESA, LITERATURA E COMUNICAÇÃO PROFISSIONAL',80,0,0,'2022-11-09 17:23:03','2022-11-09 17:23:03'),(48,4,'LÍNGUA ESTRANGEIRA MODERNA - ESPANHOL',80,0,0,'2022-11-09 17:23:03','2022-11-09 17:23:03'),(49,5,'MATEMÁTICA',80,0,0,'2022-11-09 17:25:54','2022-11-09 17:25:54'),(50,5,'FILOSOFIA',80,0,0,'2022-11-09 17:25:54','2022-11-09 17:25:54'),(51,5,'SOCIOLOGIA',80,0,0,'2022-11-09 17:25:54','2022-11-09 17:25:54'),(52,5,'GEOGRAFIA',80,0,0,'2022-11-09 17:25:54','2022-11-09 17:25:54'),(53,5,'PROGRAMAÇÃO WEB III',120,0,0,'2022-11-09 17:25:54','2022-11-09 17:25:54'),(54,5,'PROGRAMAÇÃO DE APLICATIVOS MOBILE II',120,0,0,'2022-11-09 17:25:54','2022-11-09 17:25:54'),(55,5,'INTERNET, PROTOCOLOS E SEGURANÇA DE SISTEMAS DA INFORMAÇÃO',120,0,0,'2022-11-09 17:25:54','2022-11-09 17:25:54'),(56,5,'PLANEJAMENTO E DESENVOLVIMENTO DO TCC EM DESENVOLVIMENTO DE SISTEMAS',120,1,0,'2022-11-09 17:25:54','2022-11-09 21:32:42'),(57,5,'QUALIDADE E TESTE DE SOFTWARE',120,0,0,'2022-11-09 17:25:54','2022-11-09 17:25:54'),(58,5,'SISTEMAS EMBARCADOS',120,0,0,'2022-11-09 17:25:54','2022-11-09 17:25:54'),(59,5,'LÍNGUA PORTUGUESA, LITERATURA E COMUNICAÇÃO PROFISSIONAL',80,0,0,'2022-11-09 17:25:54','2022-11-09 17:25:54'),(60,5,'LÍNGUA ESTRANGEIRA MODERNA - ESPANHOL',80,0,0,'2022-11-09 17:25:54','2022-11-09 17:25:54'),(61,6,'MATEMÁTICA',80,0,0,'2022-11-09 17:28:32','2022-11-09 17:28:32'),(62,6,'FILOSOFIA',80,0,0,'2022-11-09 17:28:32','2022-11-09 17:28:32'),(63,6,'SOCIOLOGIA',80,0,0,'2022-11-09 17:28:32','2022-11-09 17:28:32'),(64,6,'GEOGRAFIA',80,0,0,'2022-11-09 17:28:32','2022-11-09 17:28:32'),(65,6,'PROGRAMAÇÃO WEB III',120,0,0,'2022-11-09 17:28:32','2022-11-09 17:28:32'),(66,6,'PROGRAMAÇÃO DE APLICATIVOS MOBILE II',120,0,0,'2022-11-09 17:28:32','2022-11-09 17:28:32'),(67,6,'INTERNET, PROTOCOLOS E SEGURANÇA DE SISTEMAS DA INFORMAÇÃO',120,0,0,'2022-11-09 17:28:32','2022-11-09 17:28:32'),(68,6,'PLANEJAMENTO E DESENVOLVIMENTO DO TCC EM DESENVOLVIMENTO DE SISTEMAS',120,1,0,'2022-11-09 17:28:32','2022-11-09 21:32:42'),(69,6,'QUALIDADE E TESTE DE SOFTWARE',120,0,0,'2022-11-09 17:28:32','2022-11-09 17:28:32'),(70,6,'SISTEMAS EMBARCADOS',120,0,0,'2022-11-09 17:28:32','2022-11-09 17:28:32'),(71,6,'LÍNGUA PORTUGUESA, LITERATURA E COMUNICAÇÃO PROFISSIONAL',80,0,0,'2022-11-09 17:28:32','2022-11-09 17:28:32'),(72,6,'LÍNGUA ESTRANGEIRA MODERNA - ESPANHOL',80,0,0,'2022-11-09 17:28:32','2022-11-09 17:28:32'),(73,7,'MATEMÁTICA',80,0,0,'2022-11-09 17:31:53','2022-11-09 17:31:53'),(74,7,'FILOSOFIA',80,0,0,'2022-11-09 17:31:53','2022-11-09 17:31:53'),(75,7,'SOCIOLOGIA',80,0,0,'2022-11-09 17:31:53','2022-11-09 17:31:53'),(76,7,'GEOGRAFIA',80,0,0,'2022-11-09 17:31:53','2022-11-09 17:31:53'),(77,7,'PROGRAMAÇÃO WEB III',120,0,0,'2022-11-09 17:31:53','2022-11-09 17:31:53'),(78,7,'PROGRAMAÇÃO DE APLICATIVOS MOBILE II',120,0,0,'2022-11-09 17:31:53','2022-11-09 17:31:53'),(79,7,'INTERNET, PROTOCOLOS E SEGURANÇA DE SISTEMAS DA INFORMAÇÃO',120,0,0,'2022-11-09 17:31:53','2022-11-09 17:31:53'),(80,7,'PLANEJAMENTO E DESENVOLVIMENTO DO TCC EM DESENVOLVIMENTO DE SISTEMAS',120,1,0,'2022-11-09 17:31:53','2022-11-09 21:32:42'),(81,7,'QUALIDADE E TESTE DE SOFTWARE',120,1,1,'2022-11-09 17:31:53','2022-11-09 21:31:49'),(82,7,'SISTEMAS EMBARCADOS',120,0,0,'2022-11-09 17:31:53','2022-11-09 17:31:53'),(83,7,'LÍNGUA PORTUGUESA, LITERATURA E COMUNICAÇÃO PROFISSIONAL',80,0,0,'2022-11-09 17:31:53','2022-11-09 17:31:53'),(84,7,'LÍNGUA ESTRANGEIRA MODERNA - ESPANHOL',80,0,0,'2022-11-09 17:31:53','2022-11-09 17:31:53'),(85,8,'MATEMÁTICA',80,0,0,'2022-11-09 17:36:00','2022-11-09 17:36:00'),(86,8,'FILOSOFIA',80,0,0,'2022-11-09 17:36:00','2022-11-09 17:36:00'),(87,8,'SOCIOLOGIA',80,0,0,'2022-11-09 17:36:00','2022-11-09 17:36:00'),(88,8,'GEOGRAFIA',80,0,0,'2022-11-09 17:36:00','2022-11-09 17:36:00'),(89,8,'PROGRAMAÇÃO WEB III',120,0,0,'2022-11-09 17:36:00','2022-11-09 17:36:00'),(90,8,'PROGRAMAÇÃO DE APLICATIVOS MOBILE II',120,0,0,'2022-11-09 17:36:00','2022-11-09 17:36:00'),(91,8,'INTERNET, PROTOCOLOS E SEGURANÇA DE SISTEMAS DA INFORMAÇÃO',120,0,0,'2022-11-09 17:36:00','2022-11-09 17:36:00'),(92,8,'PLANEJAMENTO E DESENVOLVIMENTO DO TCC EM DESENVOLVIMENTO DE SISTEMAS',120,1,0,'2022-11-09 17:36:00','2022-11-09 21:32:42'),(93,8,'QUALIDADE E TESTE DE SOFTWARE',120,1,1,'2022-11-09 17:36:00','2022-11-09 21:31:49'),(94,8,'SISTEMAS EMBARCADOS',120,0,0,'2022-11-09 17:36:00','2022-11-09 17:36:00'),(95,8,'LÍNGUA PORTUGUESA, LITERATURA E COMUNICAÇÃO PROFISSIONAL',80,0,0,'2022-11-09 17:36:00','2022-11-09 17:36:00'),(96,8,'LÍNGUA ESTRANGEIRA MODERNA - ESPANHOL',80,0,0,'2022-11-09 17:36:00','2022-11-09 17:36:00'),(97,9,'MATEMÁTICA',80,0,0,'2022-11-09 17:51:18','2022-11-09 17:51:18'),(98,9,'FILOSOFIA',80,0,0,'2022-11-09 17:51:18','2022-11-09 17:51:18'),(99,9,'SOCIOLOGIA',80,0,0,'2022-11-09 17:51:18','2022-11-09 17:51:18'),(100,9,'GEOGRAFIA',80,0,0,'2022-11-09 17:51:18','2022-11-09 17:51:18'),(101,9,'PROGRAMAÇÃO WEB III',120,0,0,'2022-11-09 17:51:18','2022-11-09 17:51:18'),(102,9,'PROGRAMAÇÃO DE APLICATIVOS MOBILE II',120,0,0,'2022-11-09 17:51:18','2022-11-09 17:51:18'),(103,9,'INTERNET, PROTOCOLOS E SEGURANÇA DE SISTEMAS DA INFORMAÇÃO',120,0,0,'2022-11-09 17:51:18','2022-11-09 17:51:18'),(104,9,'PLANEJAMENTO E DESENVOLVIMENTO DO TCC EM DESENVOLVIMENTO DE SISTEMAS',120,1,0,'2022-11-09 17:51:18','2022-11-09 21:32:42'),(105,9,'QUALIDADE E TESTE DE SOFTWARE',120,0,0,'2022-11-09 17:51:18','2022-11-09 17:51:18'),(106,9,'SISTEMAS EMBARCADOS',120,0,0,'2022-11-09 17:51:18','2022-11-09 17:51:18'),(107,9,'LÍNGUA PORTUGUESA, LITERATURA E COMUNICAÇÃO PROFISSIONAL',80,0,0,'2022-11-09 17:51:18','2022-11-09 17:51:18'),(108,9,'LÍNGUA ESTRANGEIRA MODERNA - ESPANHOL',80,0,0,'2022-11-09 17:51:18','2022-11-09 17:51:18'),(109,10,'MATEMÁTICA',80,0,0,'2022-11-09 17:54:00','2022-11-09 17:54:00'),(110,10,'FILOSOFIA',80,0,0,'2022-11-09 17:54:00','2022-11-09 17:54:00'),(111,10,'SOCIOLOGIA',80,0,0,'2022-11-09 17:54:00','2022-11-09 17:54:00'),(112,10,'GEOGRAFIA',80,0,0,'2022-11-09 17:54:00','2022-11-09 17:54:00'),(113,10,'PROGRAMAÇÃO WEB III',120,0,0,'2022-11-09 17:54:00','2022-11-09 17:54:00'),(114,10,'PROGRAMAÇÃO DE APLICATIVOS MOBILE II',120,0,0,'2022-11-09 17:54:00','2022-11-09 17:54:00'),(115,10,'INTERNET, PROTOCOLOS E SEGURANÇA DE SISTEMAS DA INFORMAÇÃO',120,0,0,'2022-11-09 17:54:00','2022-11-09 17:54:00'),(116,10,'PLANEJAMENTO E DESENVOLVIMENTO DO TCC EM DESENVOLVIMENTO DE SISTEMAS',120,1,0,'2022-11-09 17:54:00','2022-11-09 21:32:42'),(117,10,'QUALIDADE E TESTE DE SOFTWARE',120,0,0,'2022-11-09 17:54:00','2022-11-09 17:54:00'),(118,10,'SISTEMAS EMBARCADOS',120,0,0,'2022-11-09 17:54:00','2022-11-09 17:54:00'),(119,10,'LÍNGUA PORTUGUESA, LITERATURA E COMUNICAÇÃO PROFISSIONAL',80,0,0,'2022-11-09 17:54:00','2022-11-09 17:54:00'),(120,10,'LÍNGUA ESTRANGEIRA MODERNA - ESPANHOL',80,0,0,'2022-11-09 17:54:00','2022-11-09 17:54:00'),(121,11,'MATEMÁTICA',80,0,0,'2022-11-09 17:57:26','2022-11-09 17:57:26'),(122,11,'FILOSOFIA',80,0,0,'2022-11-09 17:57:26','2022-11-09 17:57:26'),(123,11,'SOCIOLOGIA',80,0,0,'2022-11-09 17:57:26','2022-11-09 17:57:26'),(124,11,'GEOGRAFIA',80,0,0,'2022-11-09 17:57:26','2022-11-09 17:57:26'),(125,11,'PROGRAMAÇÃO WEB III',120,0,0,'2022-11-09 17:57:26','2022-11-09 17:57:26'),(126,11,'PROGRAMAÇÃO DE APLICATIVOS MOBILE II',120,0,0,'2022-11-09 17:57:26','2022-11-09 17:57:26'),(127,11,'INTERNET, PROTOCOLOS E SEGURANÇA DE SISTEMAS DA INFORMAÇÃO',120,0,0,'2022-11-09 17:57:26','2022-11-09 17:57:26'),(128,11,'PLANEJAMENTO E DESENVOLVIMENTO DO TCC EM DESENVOLVIMENTO DE SISTEMAS',120,1,1,'2022-11-09 17:57:26','2022-11-09 21:32:43'),(129,11,'QUALIDADE E TESTE DE SOFTWARE',120,1,0,'2022-11-09 17:57:26','2022-11-09 21:31:49'),(130,11,'SISTEMAS EMBARCADOS',120,0,0,'2022-11-09 17:57:26','2022-11-09 17:57:26'),(131,11,'LÍNGUA PORTUGUESA, LITERATURA E COMUNICAÇÃO PROFISSIONAL',80,0,0,'2022-11-09 17:57:26','2022-11-09 17:57:26'),(132,11,'LÍNGUA ESTRANGEIRA MODERNA - ESPANHOL',80,0,0,'2022-11-09 17:57:26','2022-11-09 17:57:26'),(133,12,'MATEMÁTICA',80,0,0,'2022-11-09 18:00:11','2022-11-09 18:00:11'),(134,12,'FILOSOFIA',80,0,0,'2022-11-09 18:00:11','2022-11-09 18:00:11'),(135,12,'SOCIOLOGIA',80,0,0,'2022-11-09 18:00:11','2022-11-09 18:00:11'),(136,12,'GEOGRAFIA',80,0,0,'2022-11-09 18:00:11','2022-11-09 18:00:11'),(137,12,'PROGRAMAÇÃO WEB III',120,0,0,'2022-11-09 18:00:11','2022-11-09 18:00:11'),(138,12,'PROGRAMAÇÃO DE APLICATIVOS MOBILE II',120,0,0,'2022-11-09 18:00:11','2022-11-09 18:00:11'),(139,12,'INTERNET, PROTOCOLOS E SEGURANÇA DE SISTEMAS DA INFORMAÇÃO',120,0,0,'2022-11-09 18:00:11','2022-11-09 18:00:11'),(140,12,'PLANEJAMENTO E DESENVOLVIMENTO DO TCC EM DESENVOLVIMENTO DE SISTEMAS',120,1,1,'2022-11-09 18:00:11','2022-11-09 21:32:43'),(141,12,'QUALIDADE E TESTE DE SOFTWARE',120,1,0,'2022-11-09 18:00:11','2022-11-09 21:31:49'),(142,12,'SISTEMAS EMBARCADOS',120,0,0,'2022-11-09 18:00:11','2022-11-09 18:00:11'),(143,12,'LÍNGUA PORTUGUESA, LITERATURA E COMUNICAÇÃO PROFISSIONAL',80,0,0,'2022-11-09 18:00:11','2022-11-09 18:00:11'),(144,12,'LÍNGUA ESTRANGEIRA MODERNA - ESPANHOL',80,0,0,'2022-11-09 18:00:11','2022-11-09 18:00:11'),(145,13,'MATEMÁTICA',80,0,0,'2022-11-09 18:03:30','2022-11-09 18:03:30'),(146,13,'FILOSOFIA',80,0,0,'2022-11-09 18:03:30','2022-11-09 18:03:30'),(147,13,'SOCIOLOGIA',80,0,0,'2022-11-09 18:03:30','2022-11-09 18:03:30'),(148,13,'GEOGRAFIA',80,0,0,'2022-11-09 18:03:30','2022-11-09 18:03:30'),(149,13,'PROGRAMAÇÃO WEB III',120,0,0,'2022-11-09 18:03:30','2022-11-09 18:03:30'),(150,13,'PROGRAMAÇÃO DE APLICATIVOS MOBILE II',120,0,0,'2022-11-09 18:03:30','2022-11-09 18:03:30'),(151,13,'INTERNET, PROTOCOLOS E SEGURANÇA DE SISTEMAS DA INFORMAÇÃO',120,0,0,'2022-11-09 18:03:30','2022-11-09 18:03:30'),(152,13,'PLANEJAMENTO E DESENVOLVIMENTO DO TCC EM DESENVOLVIMENTO DE SISTEMAS',120,1,0,'2022-11-09 18:03:30','2022-11-09 21:32:43'),(153,13,'QUALIDADE E TESTE DE SOFTWARE',120,1,0,'2022-11-09 18:03:30','2022-11-09 21:31:49'),(154,13,'SISTEMAS EMBARCADOS',120,0,0,'2022-11-09 18:03:30','2022-11-09 18:03:30'),(155,13,'LÍNGUA PORTUGUESA, LITERATURA E COMUNICAÇÃO PROFISSIONAL',80,0,0,'2022-11-09 18:03:31','2022-11-09 18:03:31'),(156,13,'LÍNGUA ESTRANGEIRA MODERNA - ESPANHOL',80,0,0,'2022-11-09 18:03:31','2022-11-09 18:03:31'),(157,14,'MATEMÁTICA',80,0,0,'2022-11-09 18:05:57','2022-11-09 18:05:57'),(158,14,'FILOSOFIA',80,0,0,'2022-11-09 18:05:57','2022-11-09 18:05:57'),(159,14,'SOCIOLOGIA',80,0,0,'2022-11-09 18:05:57','2022-11-09 18:05:57'),(160,14,'GEOGRAFIA',80,0,0,'2022-11-09 18:05:57','2022-11-09 18:05:57'),(161,14,'PROGRAMAÇÃO WEB III',120,0,0,'2022-11-09 18:05:57','2022-11-09 18:05:57'),(162,14,'PROGRAMAÇÃO DE APLICATIVOS MOBILE II',120,0,0,'2022-11-09 18:05:57','2022-11-09 18:05:57'),(163,14,'INTERNET, PROTOCOLOS E SEGURANÇA DE SISTEMAS DA INFORMAÇÃO',120,0,0,'2022-11-09 18:05:57','2022-11-09 18:05:57'),(164,14,'PLANEJAMENTO E DESENVOLVIMENTO DO TCC EM DESENVOLVIMENTO DE SISTEMAS',120,1,0,'2022-11-09 18:05:57','2022-11-09 21:32:43'),(165,14,'QUALIDADE E TESTE DE SOFTWARE',120,0,0,'2022-11-09 18:05:57','2022-11-09 18:05:57'),(166,14,'SISTEMAS EMBARCADOS',120,0,0,'2022-11-09 18:05:57','2022-11-09 18:05:57'),(167,14,'LÍNGUA PORTUGUESA, LITERATURA E COMUNICAÇÃO PROFISSIONAL',80,0,0,'2022-11-09 18:05:57','2022-11-09 18:05:57'),(168,14,'LÍNGUA ESTRANGEIRA MODERNA - ESPANHOL',80,0,0,'2022-11-09 18:05:57','2022-11-09 18:05:57'),(169,15,'MATEMÁTICA',80,0,0,'2022-11-09 18:09:18','2022-11-09 18:09:18'),(170,15,'FILOSOFIA',80,0,0,'2022-11-09 18:09:18','2022-11-09 18:09:18'),(171,15,'SOCIOLOGIA',80,0,0,'2022-11-09 18:09:18','2022-11-09 18:09:18'),(172,15,'GEOGRAFIA',80,0,0,'2022-11-09 18:09:18','2022-11-09 18:09:18'),(173,15,'PROGRAMAÇÃO WEB III',120,0,0,'2022-11-09 18:09:18','2022-11-09 18:09:18'),(174,15,'PROGRAMAÇÃO DE APLICATIVOS MOBILE II',120,0,0,'2022-11-09 18:09:18','2022-11-09 18:09:18'),(175,15,'INTERNET, PROTOCOLOS E SEGURANÇA DE SISTEMAS DA INFORMAÇÃO',120,0,0,'2022-11-09 18:09:18','2022-11-09 18:09:18'),(176,15,'PLANEJAMENTO E DESENVOLVIMENTO DO TCC EM DESENVOLVIMENTO DE SISTEMAS',120,1,1,'2022-11-09 18:09:18','2022-11-09 21:32:43'),(177,15,'QUALIDADE E TESTE DE SOFTWARE',120,1,0,'2022-11-09 18:09:18','2022-11-09 21:31:50'),(178,15,'SISTEMAS EMBARCADOS',120,0,0,'2022-11-09 18:09:18','2022-11-09 18:09:18'),(179,15,'LÍNGUA PORTUGUESA, LITERATURA E COMUNICAÇÃO PROFISSIONAL',80,0,0,'2022-11-09 18:09:18','2022-11-09 18:09:18'),(180,15,'LÍNGUA ESTRANGEIRA MODERNA - ESPANHOL',80,0,0,'2022-11-09 18:09:18','2022-11-09 18:09:18'),(181,16,'MATEMÁTICA',80,0,0,'2022-11-09 18:11:34','2022-11-09 18:11:34'),(182,16,'FILOSOFIA',80,0,0,'2022-11-09 18:11:34','2022-11-09 18:11:34'),(183,16,'SOCIOLOGIA',80,0,0,'2022-11-09 18:11:35','2022-11-09 18:11:35'),(184,16,'GEOGRAFIA',80,0,0,'2022-11-09 18:11:35','2022-11-09 18:11:35'),(185,16,'PROGRAMAÇÃO WEB III',120,0,0,'2022-11-09 18:11:35','2022-11-09 18:11:35'),(186,16,'PROGRAMAÇÃO DE APLICATIVOS MOBILE II',120,0,0,'2022-11-09 18:11:35','2022-11-09 18:11:35'),(187,16,'INTERNET, PROTOCOLOS E SEGURANÇA DE SISTEMAS DA INFORMAÇÃO',120,0,0,'2022-11-09 18:11:35','2022-11-09 18:11:35'),(188,16,'PLANEJAMENTO E DESENVOLVIMENTO DO TCC EM DESENVOLVIMENTO DE SISTEMAS',120,1,0,'2022-11-09 18:11:35','2022-11-09 21:32:43'),(189,16,'QUALIDADE E TESTE DE SOFTWARE',120,0,0,'2022-11-09 18:11:35','2022-11-09 18:11:35'),(190,16,'SISTEMAS EMBARCADOS',120,0,0,'2022-11-09 18:11:35','2022-11-09 18:11:35'),(191,16,'LÍNGUA PORTUGUESA, LITERATURA E COMUNICAÇÃO PROFISSIONAL',80,0,0,'2022-11-09 18:11:35','2022-11-09 18:11:35'),(192,16,'LÍNGUA ESTRANGEIRA MODERNA - ESPANHOL',80,0,0,'2022-11-09 18:11:35','2022-11-09 18:11:35'),(193,17,'MATEMÁTICA',80,0,0,'2022-11-09 18:13:31','2022-11-09 18:13:31'),(194,17,'FILOSOFIA',80,0,0,'2022-11-09 18:13:31','2022-11-09 18:13:31'),(195,17,'SOCIOLOGIA',80,0,0,'2022-11-09 18:13:31','2022-11-09 18:13:31'),(196,17,'GEOGRAFIA',80,0,0,'2022-11-09 18:13:31','2022-11-09 18:13:31'),(197,17,'PROGRAMAÇÃO WEB III',120,0,0,'2022-11-09 18:13:31','2022-11-09 18:13:31'),(198,17,'PROGRAMAÇÃO DE APLICATIVOS MOBILE II',120,0,0,'2022-11-09 18:13:31','2022-11-09 18:13:31'),(199,17,'INTERNET, PROTOCOLOS E SEGURANÇA DE SISTEMAS DA INFORMAÇÃO',120,0,0,'2022-11-09 18:13:31','2022-11-09 18:13:31'),(200,17,'PLANEJAMENTO E DESENVOLVIMENTO DO TCC EM DESENVOLVIMENTO DE SISTEMAS',120,1,0,'2022-11-09 18:13:31','2022-11-09 21:32:44'),(201,17,'QUALIDADE E TESTE DE SOFTWARE',120,1,0,'2022-11-09 18:13:31','2022-11-09 21:31:50'),(202,17,'SISTEMAS EMBARCADOS',120,0,0,'2022-11-09 18:13:31','2022-11-09 18:13:31'),(203,17,'LÍNGUA PORTUGUESA, LITERATURA E COMUNICAÇÃO PROFISSIONAL',80,0,0,'2022-11-09 18:13:31','2022-11-09 18:13:31'),(204,17,'LÍNGUA ESTRANGEIRA MODERNA - ESPANHOL',80,0,0,'2022-11-09 18:13:31','2022-11-09 18:13:31');
/*!40000 ALTER TABLE `frequency` ENABLE KEYS */;
UNLOCK TABLES;

--
-- Table structure for table `institution`
--

DROP TABLE IF EXISTS `institution`;
/*!40101 SET @saved_cs_client     = @@character_set_client */;
/*!50503 SET character_set_client = utf8mb4 */;
CREATE TABLE `institution` (
  `id` int NOT NULL AUTO_INCREMENT,
  `name` varchar(255) NOT NULL,
  `cnpj` varchar(255) DEFAULT NULL,
  `courses` json NOT NULL,
  `phone` varchar(255) DEFAULT NULL,
  `street` varchar(255) NOT NULL,
  `number` int NOT NULL,
  `district` varchar(255) NOT NULL,
  `complement` varchar(255) DEFAULT NULL,
  `city` varchar(255) NOT NULL,
  `createdAt` datetime NOT NULL,
  `updatedAt` datetime NOT NULL,
  `bimDates` json NOT NULL,
  PRIMARY KEY (`id`),
  UNIQUE KEY `cnpj` (`cnpj`)
) ENGINE=InnoDB AUTO_INCREMENT=7 DEFAULT CHARSET=utf8mb4 COLLATE=utf8mb4_0900_ai_ci;
/*!40101 SET character_set_client = @saved_cs_client */;

--
-- Dumping data for table `institution`
--

LOCK TABLES `institution` WRITE;
/*!40000 ALTER TABLE `institution` DISABLE KEYS */;
INSERT INTO `institution` VALUES (1,'Eudecio Luiz Vicente Professor Etec','80.130.280/0001-91','[{\"name\": \"Ensino Médio com Itinerário Formativo\", \"period\": \"Matutino\", \"classTheme\": [[{\"name\": \"MATEMÁTICA\", \"totalClasses\": 120}, {\"name\": \"ARTE\", \"totalClasses\": 120}, {\"name\": \"EDUCAÇÃO FÍSICA\", \"totalClasses\": 120}, {\"name\": \"FÍSICA\", \"totalClasses\": 120}, {\"name\": \"HISTÓRIA\", \"totalClasses\": 120}, {\"name\": \"QUÍMICA\", \"totalClasses\": 120}, {\"name\": \"BIOLOGIA\", \"totalClasses\": 120}, {\"name\": \"GEOGRAFIA\", \"totalClasses\": 120}, {\"name\": \"LÍNGUA PORTUGUESA, LITERATURA E COMUNICAÇÃO PROFISSIONAL\", \"totalClasses\": 120}, {\"name\": \"LÍNGUA ESTRANGEIRA MODERNA - INGLÊS E COMUNICAÇÃO PROFISSIONAL\", \"totalClasses\": 120}], [{\"name\": \"MATEMÁTICA\", \"totalClasses\": 120}, {\"name\": \"ARTE\", \"totalClasses\": 120}, {\"name\": \"EDUCAÇÃO FÍSICA\", \"totalClasses\": 120}, {\"name\": \"FÍSICA\", \"totalClasses\": 120}, {\"name\": \"HISTÓRIA\", \"totalClasses\": 120}, {\"name\": \"QUÍMICA\", \"totalClasses\": 120}, {\"name\": \"BIOLOGIA\", \"totalClasses\": 120}, {\"name\": \"LÍNGUA ESTRANGEIRA MODERNA - ESPANHOL\", \"totalClasses\": 120}, {\"name\": \"LÍNGUA PORTUGUESA, LITERATURA E COMUNICAÇÃO PROFISSIONAL\", \"totalClasses\": 120}, {\"name\": \"LÍNGUA ESTRANGEIRA MODERNA - INGLÊS E COMUNICAÇÃO PROFISSIONAL\", \"totalClasses\": 120}], [{\"name\": \"MATEMÁTICA\", \"totalClasses\": 120}, {\"name\": \"SOCIOLOGIA\", \"totalClasses\": 120}, {\"name\": \"FILOSOFIA\", \"totalClasses\": 120}, {\"name\": \"FÍSICA\", \"totalClasses\": 120}, {\"name\": \"HISTÓRIA\", \"totalClasses\": 120}, {\"name\": \"QUÍMICA\", \"totalClasses\": 120}, {\"name\": \"BIOLOGIA\", \"totalClasses\": 120}, {\"name\": \"LÍNGUA ESTRANGEIRA MODERNA - ESPANHOL\", \"totalClasses\": 120}, {\"name\": \"LÍNGUA PORTUGUESA, LITERATURA E COMUNICAÇÃO PROFISSIONAL\", \"totalClasses\": 120}, {\"name\": \"LÍNGUA ESTRANGEIRA MODERNA - INGLÊS E COMUNICAÇÃO PROFISSIONAL\", \"totalClasses\": 120}]], \"lessonsPerDay\": 6}, {\"name\": \"Ensino Médio com Técnico em Administração\", \"period\": \"Matutino\", \"classTheme\": [[{\"name\": \"MATEMÁTICA\", \"totalClasses\": 200}, {\"name\": \"FÍSICA\", \"totalClasses\": 120}, {\"name\": \"HISTÓRIA\", \"totalClasses\": 120}, {\"name\": \"QUÍMICA\", \"totalClasses\": 120}, {\"name\": \"BIOLOGIA\", \"totalClasses\": 120}, {\"name\": \"GEOGRAFIA\", \"totalClasses\": 120}, {\"name\": \"LÍNGUA ESTRANGEIRA MODERNA - ESPANHOL\", \"totalClasses\": 200}, {\"name\": \"LÍNGUA PORTUGUESA, LITERATURA E COMUNICAÇÃO PROFISSIONAL\", \"totalClasses\": 200}, {\"name\": \"LÍNGUA ESTRANGEIRA MODERNA - INGLÊS E COMUNICAÇÃO PROFISSIONAL\", \"totalClasses\": 200}], [{\"name\": \"MATEMÁTICA\", \"totalClasses\": 200}, {\"name\": \"FÍSICA\", \"totalClasses\": 120}, {\"name\": \"HISTÓRIA\", \"totalClasses\": 120}, {\"name\": \"QUÍMICA\", \"totalClasses\": 120}, {\"name\": \"BIOLOGIA\", \"totalClasses\": 120}, {\"name\": \"GEOGRAFIA\", \"totalClasses\": 120}, {\"name\": \"LÍNGUA ESTRANGEIRA MODERNA - ESPANHOL\", \"totalClasses\": 200}, {\"name\": \"LÍNGUA PORTUGUESA, LITERATURA E COMUNICAÇÃO PROFISSIONAL\", \"totalClasses\": 200}, {\"name\": \"LÍNGUA ESTRANGEIRA MODERNA - INGLÊS E COMUNICAÇÃO PROFISSIONAL\", \"totalClasses\": 200}], [{\"name\": \"MATEMÁTICA\", \"totalClasses\": 200}, {\"name\": \"FÍSICA\", \"totalClasses\": 120}, {\"name\": \"HISTÓRIA\", \"totalClasses\": 120}, {\"name\": \"QUÍMICA\", \"totalClasses\": 120}, {\"name\": \"BIOLOGIA\", \"totalClasses\": 120}, {\"name\": \"GEOGRAFIA\", \"totalClasses\": 120}, {\"name\": \"LÍNGUA ESTRANGEIRA MODERNA - ESPANHOL\", \"totalClasses\": 200}, {\"name\": \"LÍNGUA PORTUGUESA, LITERATURA E COMUNICAÇÃO PROFISSIONAL\", \"totalClasses\": 200}, {\"name\": \"LÍNGUA ESTRANGEIRA MODERNA - INGLÊS E COMUNICAÇÃO PROFISSIONAL\", \"totalClasses\": 200}]], \"lessonsPerDay\": 8}, {\"name\": \"Ensino Médio com Técnico em Desenvolvimento de Sistemas\", \"period\": \"Matutino\", \"classTheme\": [[{\"name\": \"MATEMÁTICA\", \"totalClasses\": 80}, {\"name\": \"FÍSICA\", \"totalClasses\": 80}, {\"name\": \"BIOLOGIA\", \"totalClasses\": 80}, {\"name\": \"GEOGRAFIA\", \"totalClasses\": 80}, {\"name\": \"PROGRAMAÇÃO WEB I\", \"totalClasses\": 120}, {\"name\": \"ANÁLISE E PROJETO DE SISTEMAS\", \"totalClasses\": 120}, {\"name\": \"DESIGN DIGITAL\", \"totalClasses\": 120}, {\"name\": \"FUNDAMENTOS DA INFORMÁTICA\", \"totalClasses\": 120}, {\"name\": \"TÉCNICAS DE PROGRAMAÇÃO E ALGORITMOS\", \"totalClasses\": 120}, {\"name\": \"BANCO DE DADOS I\", \"totalClasses\": 120}, {\"name\": \"LÍNGUA PORTUGUESA, LITERATURA E COMUNICAÇÃO PROFISSIONAL\", \"totalClasses\": 80}, {\"name\": \"LÍNGUA ESTRANGEIRA MODERNA - INGLÊS E COMUNICAÇÃO PROFISSIONAL\", \"totalClasses\": 80}], [{\"name\": \"MATEMÁTICA\", \"totalClasses\": 80}, {\"name\": \"QUIMICA\", \"totalClasses\": 80}, {\"name\": \"BIOLOGIA\", \"totalClasses\": 80}, {\"name\": \"SOCIOLOGIA\", \"totalClasses\": 80}, {\"name\": \"PROGRAMAÇÃO WEB II\", \"totalClasses\": 120}, {\"name\": \"DESENVOLVIMENTO DE SISTEMAS\", \"totalClasses\": 120}, {\"name\": \"DESIGN DIGITAL\", \"totalClasses\": 120}, {\"name\": \"ÉTICA E CIDADANIA ORGANIZACIONAL\", \"totalClasses\": 120}, {\"name\": \"PROGRAMAÇÃO DE APLICATIVOS MOBILE I\", \"totalClasses\": 120}, {\"name\": \"BANCO DE DADOS II\", \"totalClasses\": 120}, {\"name\": \"LÍNGUA PORTUGUESA, LITERATURA E COMUNICAÇÃO PROFISSIONAL\", \"totalClasses\": 80}, {\"name\": \"LÍNGUA ESTRANGEIRA MODERNA - INGLÊS E COMUNICAÇÃO PROFISSIONAL\", \"totalClasses\": 80}], [{\"name\": \"MATEMÁTICA\", \"totalClasses\": 80}, {\"name\": \"FILOSOFIA\", \"totalClasses\": 80}, {\"name\": \"SOCIOLOGIA\", \"totalClasses\": 80}, {\"name\": \"GEOGRAFIA\", \"totalClasses\": 80}, {\"name\": \"PROGRAMAÇÃO WEB III\", \"totalClasses\": 120}, {\"name\": \"PROGRAMAÇÃO DE APLICATIVOS MOBILE II\", \"totalClasses\": 120}, {\"name\": \"INTERNET, PROTOCOLOS E SEGURANÇA DE SISTEMAS DA INFORMAÇÃO\", \"totalClasses\": 120}, {\"name\": \"PLANEJAMENTO E DESENVOLVIMENTO DO TCC EM DESENVOLVIMENTO DE SISTEMAS\", \"totalClasses\": 120}, {\"name\": \"QUALIDADE E TESTE DE SOFTWARE\", \"totalClasses\": 120}, {\"name\": \"SISTEMAS EMBARCADOS\", \"totalClasses\": 120}, {\"name\": \"LÍNGUA PORTUGUESA, LITERATURA E COMUNICAÇÃO PROFISSIONAL\", \"totalClasses\": 80}, {\"name\": \"LÍNGUA ESTRANGEIRA MODERNA - ESPANHOL\", \"totalClasses\": 80}]], \"lessonsPerDay\": 6}, {\"name\": \"Ensino Médio com Técnico em Informática para Internet\", \"period\": \"Matutino\", \"classTheme\": [[{\"name\": \"MATEMÁTICA\", \"totalClasses\": 120}, {\"name\": \"FÍSICA\", \"totalClasses\": 120}, {\"name\": \"BIOLOGIA\", \"totalClasses\": 120}, {\"name\": \"GEOGRAFIA\", \"totalClasses\": 80}, {\"name\": \"PROGRAMAÇÃO WEB I\", \"totalClasses\": 120}, {\"name\": \"ANÁLISE E PROJETO DE SISTEMAS\", \"totalClasses\": 120}, {\"name\": \"DESIGN DIGITAL\", \"totalClasses\": 120}, {\"name\": \"FUNDAMENTOS DA INFORMÁTICA\", \"totalClasses\": 120}, {\"name\": \"TÉCNICAS DE PROGRAMAÇÃO E ALGORITMOS\", \"totalClasses\": 120}, {\"name\": \"BANCO DE DADOS I\", \"totalClasses\": 120}, {\"name\": \"LÍNGUA PORTUGUESA, LITERATURA E COMUNICAÇÃO PROFISSIONAL\", \"totalClasses\": 120}, {\"name\": \"LÍNGUA ESTRANGEIRA MODERNA - INGLÊS E COMUNICAÇÃO PROFISSIONAL\", \"totalClasses\": 120}], [{\"name\": \"MATEMÁTICA\", \"totalClasses\": 120}, {\"name\": \"QUIMICA\", \"totalClasses\": 120}, {\"name\": \"BIOLOGIA\", \"totalClasses\": 120}, {\"name\": \"SOCIOLOGIA\", \"totalClasses\": 80}, {\"name\": \"PROGRAMAÇÃO WEB II\", \"totalClasses\": 120}, {\"name\": \"DESENVOLVIMENTO DE SISTEMAS\", \"totalClasses\": 120}, {\"name\": \"DESIGN DIGITAL\", \"totalClasses\": 120}, {\"name\": \"ÉTICA E CIDADANIA ORGANIZACIONAL\", \"totalClasses\": 120}, {\"name\": \"PROGRAMAÇÃO DE APLICATIVOS MOBILE I\", \"totalClasses\": 120}, {\"name\": \"BANCO DE DADOS II\", \"totalClasses\": 120}, {\"name\": \"LÍNGUA PORTUGUESA, LITERATURA E COMUNICAÇÃO PROFISSIONAL\", \"totalClasses\": 120}, {\"name\": \"LÍNGUA ESTRANGEIRA MODERNA - INGLÊS E COMUNICAÇÃO PROFISSIONAL\", \"totalClasses\": 120}], [{\"name\": \"MATEMÁTICA\", \"totalClasses\": 120}, {\"name\": \"FILOSOFIA\", \"totalClasses\": 120}, {\"name\": \"SOCIOLOGIA\", \"totalClasses\": 120}, {\"name\": \"GEOGRAFIA\", \"totalClasses\": 80}, {\"name\": \"PROGRAMAÇÃO WEB III\", \"totalClasses\": 120}, {\"name\": \"PROGRAMAÇÃO DE APLICATIVOS MOBILE II\", \"totalClasses\": 120}, {\"name\": \"INTERNET, PROTOCOLOS E SEGURANÇA DE SISTEMAS DA INFORMAÇÃO\", \"totalClasses\": 120}, {\"name\": \"PLANEJAMENTO E DESENVOLVIMENTO DO TCC EM DESENVOLVIMENTO DE SISTEMAS\", \"totalClasses\": 120}, {\"name\": \"QUALIDADE E TESTE DE SOFTWARE\", \"totalClasses\": 120}, {\"name\": \"SISTEMAS EMBARCADOS\", \"totalClasses\": 120}, {\"name\": \"LÍNGUA PORTUGUESA, LITERATURA E COMUNICAÇÃO PROFISSIONAL\", \"totalClasses\": 120}, {\"name\": \"LÍNGUA ESTRANGEIRA MODERNA - ESPANHOL\", \"totalClasses\": 120}]], \"lessonsPerDay\": 8}]','18 3521-2493','R. Líbero Badaró',600,'Vila Jamil de Lima',NULL,'Adamantina','2022-11-09 00:52:07','2022-11-09 02:00:24','[]'),(2,'Escola Técnica Estadual Engenheiro Herval Bellusci','31.167.644/0001-00','[{\"name\": \"Ensino Médio com Itinerário Formativo\", \"period\": \"Matutino\", \"classTheme\": [[{\"name\": \"MATEMÁTICA\", \"totalClasses\": 120}, {\"name\": \"ARTE\", \"totalClasses\": 120}, {\"name\": \"EDUCAÇÃO FÍSICA\", \"totalClasses\": 120}, {\"name\": \"FÍSICA\", \"totalClasses\": 120}, {\"name\": \"HISTÓRIA\", \"totalClasses\": 120}, {\"name\": \"QUÍMICA\", \"totalClasses\": 120}, {\"name\": \"BIOLOGIA\", \"totalClasses\": 120}, {\"name\": \"GEOGRAFIA\", \"totalClasses\": 120}, {\"name\": \"LÍNGUA PORTUGUESA, LITERATURA E COMUNICAÇÃO PROFISSIONAL\", \"totalClasses\": 120}, {\"name\": \"LÍNGUA ESTRANGEIRA MODERNA - INGLÊS E COMUNICAÇÃO PROFISSIONAL\", \"totalClasses\": 120}], [{\"name\": \"MATEMÁTICA\", \"totalClasses\": 120}, {\"name\": \"ARTE\", \"totalClasses\": 120}, {\"name\": \"EDUCAÇÃO FÍSICA\", \"totalClasses\": 120}, {\"name\": \"FÍSICA\", \"totalClasses\": 120}, {\"name\": \"HISTÓRIA\", \"totalClasses\": 120}, {\"name\": \"QUÍMICA\", \"totalClasses\": 120}, {\"name\": \"BIOLOGIA\", \"totalClasses\": 120}, {\"name\": \"LÍNGUA ESTRANGEIRA MODERNA - ESPANHOL\", \"totalClasses\": 120}, {\"name\": \"LÍNGUA PORTUGUESA, LITERATURA E COMUNICAÇÃO PROFISSIONAL\", \"totalClasses\": 120}, {\"name\": \"LÍNGUA ESTRANGEIRA MODERNA - INGLÊS E COMUNICAÇÃO PROFISSIONAL\", \"totalClasses\": 120}], [{\"name\": \"MATEMÁTICA\", \"totalClasses\": 120}, {\"name\": \"SOCIOLOGIA\", \"totalClasses\": 120}, {\"name\": \"FILOSOFIA\", \"totalClasses\": 120}, {\"name\": \"FÍSICA\", \"totalClasses\": 120}, {\"name\": \"HISTÓRIA\", \"totalClasses\": 120}, {\"name\": \"QUÍMICA\", \"totalClasses\": 120}, {\"name\": \"BIOLOGIA\", \"totalClasses\": 120}, {\"name\": \"LÍNGUA ESTRANGEIRA MODERNA - ESPANHOL\", \"totalClasses\": 120}, {\"name\": \"LÍNGUA PORTUGUESA, LITERATURA E COMUNICAÇÃO PROFISSIONAL\", \"totalClasses\": 120}, {\"name\": \"LÍNGUA ESTRANGEIRA MODERNA - INGLÊS E COMUNICAÇÃO PROFISSIONAL\", \"totalClasses\": 120}]], \"lessonsPerDay\": 6}, {\"name\": \"Ensino Médio com Técnico em Administração\", \"period\": \"Matutino\", \"classTheme\": [[{\"name\": \"MATEMÁTICA\", \"totalClasses\": 200}, {\"name\": \"FÍSICA\", \"totalClasses\": 120}, {\"name\": \"HISTÓRIA\", \"totalClasses\": 120}, {\"name\": \"QUÍMICA\", \"totalClasses\": 120}, {\"name\": \"BIOLOGIA\", \"totalClasses\": 120}, {\"name\": \"GEOGRAFIA\", \"totalClasses\": 120}, {\"name\": \"LÍNGUA ESTRANGEIRA MODERNA - ESPANHOL\", \"totalClasses\": 200}, {\"name\": \"LÍNGUA PORTUGUESA, LITERATURA E COMUNICAÇÃO PROFISSIONAL\", \"totalClasses\": 200}, {\"name\": \"LÍNGUA ESTRANGEIRA MODERNA - INGLÊS E COMUNICAÇÃO PROFISSIONAL\", \"totalClasses\": 200}], [{\"name\": \"MATEMÁTICA\", \"totalClasses\": 200}, {\"name\": \"FÍSICA\", \"totalClasses\": 120}, {\"name\": \"HISTÓRIA\", \"totalClasses\": 120}, {\"name\": \"QUÍMICA\", \"totalClasses\": 120}, {\"name\": \"BIOLOGIA\", \"totalClasses\": 120}, {\"name\": \"GEOGRAFIA\", \"totalClasses\": 120}, {\"name\": \"LÍNGUA ESTRANGEIRA MODERNA - ESPANHOL\", \"totalClasses\": 200}, {\"name\": \"LÍNGUA PORTUGUESA, LITERATURA E COMUNICAÇÃO PROFISSIONAL\", \"totalClasses\": 200}, {\"name\": \"LÍNGUA ESTRANGEIRA MODERNA - INGLÊS E COMUNICAÇÃO PROFISSIONAL\", \"totalClasses\": 200}], [{\"name\": \"MATEMÁTICA\", \"totalClasses\": 200}, {\"name\": \"FÍSICA\", \"totalClasses\": 120}, {\"name\": \"HISTÓRIA\", \"totalClasses\": 120}, {\"name\": \"QUÍMICA\", \"totalClasses\": 120}, {\"name\": \"BIOLOGIA\", \"totalClasses\": 120}, {\"name\": \"GEOGRAFIA\", \"totalClasses\": 120}, {\"name\": \"LÍNGUA ESTRANGEIRA MODERNA - ESPANHOL\", \"totalClasses\": 200}, {\"name\": \"LÍNGUA PORTUGUESA, LITERATURA E COMUNICAÇÃO PROFISSIONAL\", \"totalClasses\": 200}, {\"name\": \"LÍNGUA ESTRANGEIRA MODERNA - INGLÊS E COMUNICAÇÃO PROFISSIONAL\", \"totalClasses\": 200}]], \"lessonsPerDay\": 8}, {\"name\": \"Ensino Médio com Técnico em Desenvolvimento de Sistemas\", \"period\": \"Matutino\", \"classTheme\": [[{\"name\": \"MATEMÁTICA\", \"totalClasses\": 80}, {\"name\": \"FÍSICA\", \"totalClasses\": 80}, {\"name\": \"BIOLOGIA\", \"totalClasses\": 80}, {\"name\": \"GEOGRAFIA\", \"totalClasses\": 80}, {\"name\": \"PROGRAMAÇÃO WEB I\", \"totalClasses\": 120}, {\"name\": \"ANÁLISE E PROJETO DE SISTEMAS\", \"totalClasses\": 120}, {\"name\": \"DESIGN DIGITAL\", \"totalClasses\": 120}, {\"name\": \"FUNDAMENTOS DA INFORMÁTICA\", \"totalClasses\": 120}, {\"name\": \"TÉCNICAS DE PROGRAMAÇÃO E ALGORITMOS\", \"totalClasses\": 120}, {\"name\": \"BANCO DE DADOS I\", \"totalClasses\": 120}, {\"name\": \"LÍNGUA PORTUGUESA, LITERATURA E COMUNICAÇÃO PROFISSIONAL\", \"totalClasses\": 80}, {\"name\": \"LÍNGUA ESTRANGEIRA MODERNA - INGLÊS E COMUNICAÇÃO PROFISSIONAL\", \"totalClasses\": 80}], [{\"name\": \"MATEMÁTICA\", \"totalClasses\": 80}, {\"name\": \"QUIMICA\", \"totalClasses\": 80}, {\"name\": \"BIOLOGIA\", \"totalClasses\": 80}, {\"name\": \"SOCIOLOGIA\", \"totalClasses\": 80}, {\"name\": \"PROGRAMAÇÃO WEB II\", \"totalClasses\": 120}, {\"name\": \"DESENVOLVIMENTO DE SISTEMAS\", \"totalClasses\": 120}, {\"name\": \"DESIGN DIGITAL\", \"totalClasses\": 120}, {\"name\": \"ÉTICA E CIDADANIA ORGANIZACIONAL\", \"totalClasses\": 120}, {\"name\": \"PROGRAMAÇÃO DE APLICATIVOS MOBILE I\", \"totalClasses\": 120}, {\"name\": \"BANCO DE DADOS II\", \"totalClasses\": 120}, {\"name\": \"LÍNGUA PORTUGUESA, LITERATURA E COMUNICAÇÃO PROFISSIONAL\", \"totalClasses\": 80}, {\"name\": \"LÍNGUA ESTRANGEIRA MODERNA - INGLÊS E COMUNICAÇÃO PROFISSIONAL\", \"totalClasses\": 80}], [{\"name\": \"MATEMÁTICA\", \"totalClasses\": 80}, {\"name\": \"FILOSOFIA\", \"totalClasses\": 80}, {\"name\": \"SOCIOLOGIA\", \"totalClasses\": 80}, {\"name\": \"GEOGRAFIA\", \"totalClasses\": 80}, {\"name\": \"PROGRAMAÇÃO WEB III\", \"totalClasses\": 120}, {\"name\": \"PROGRAMAÇÃO DE APLICATIVOS MOBILE II\", \"totalClasses\": 120}, {\"name\": \"INTERNET, PROTOCOLOS E SEGURANÇA DE SISTEMAS DA INFORMAÇÃO\", \"totalClasses\": 120}, {\"name\": \"PLANEJAMENTO E DESENVOLVIMENTO DO TCC EM DESENVOLVIMENTO DE SISTEMAS\", \"totalClasses\": 120}, {\"name\": \"QUALIDADE E TESTE DE SOFTWARE\", \"totalClasses\": 120}, {\"name\": \"SISTEMAS EMBARCADOS\", \"totalClasses\": 120}, {\"name\": \"LÍNGUA PORTUGUESA, LITERATURA E COMUNICAÇÃO PROFISSIONAL\", \"totalClasses\": 80}, {\"name\": \"LÍNGUA ESTRANGEIRA MODERNA - ESPANHOL\", \"totalClasses\": 80}]], \"lessonsPerDay\": 6}, {\"name\": \"Ensino Médio com Técnico em Informática para Internet\", \"period\": \"Matutino\", \"classTheme\": [[{\"name\": \"MATEMÁTICA\", \"totalClasses\": 120}, {\"name\": \"FÍSICA\", \"totalClasses\": 120}, {\"name\": \"BIOLOGIA\", \"totalClasses\": 120}, {\"name\": \"GEOGRAFIA\", \"totalClasses\": 80}, {\"name\": \"PROGRAMAÇÃO WEB I\", \"totalClasses\": 120}, {\"name\": \"ANÁLISE E PROJETO DE SISTEMAS\", \"totalClasses\": 120}, {\"name\": \"DESIGN DIGITAL\", \"totalClasses\": 120}, {\"name\": \"FUNDAMENTOS DA INFORMÁTICA\", \"totalClasses\": 120}, {\"name\": \"TÉCNICAS DE PROGRAMAÇÃO E ALGORITMOS\", \"totalClasses\": 120}, {\"name\": \"BANCO DE DADOS I\", \"totalClasses\": 120}, {\"name\": \"LÍNGUA PORTUGUESA, LITERATURA E COMUNICAÇÃO PROFISSIONAL\", \"totalClasses\": 120}, {\"name\": \"LÍNGUA ESTRANGEIRA MODERNA - INGLÊS E COMUNICAÇÃO PROFISSIONAL\", \"totalClasses\": 120}], [{\"name\": \"MATEMÁTICA\", \"totalClasses\": 120}, {\"name\": \"QUIMICA\", \"totalClasses\": 120}, {\"name\": \"BIOLOGIA\", \"totalClasses\": 120}, {\"name\": \"SOCIOLOGIA\", \"totalClasses\": 80}, {\"name\": \"PROGRAMAÇÃO WEB II\", \"totalClasses\": 120}, {\"name\": \"DESENVOLVIMENTO DE SISTEMAS\", \"totalClasses\": 120}, {\"name\": \"DESIGN DIGITAL\", \"totalClasses\": 120}, {\"name\": \"ÉTICA E CIDADANIA ORGANIZACIONAL\", \"totalClasses\": 120}, {\"name\": \"PROGRAMAÇÃO DE APLICATIVOS MOBILE I\", \"totalClasses\": 120}, {\"name\": \"BANCO DE DADOS II\", \"totalClasses\": 120}, {\"name\": \"LÍNGUA PORTUGUESA, LITERATURA E COMUNICAÇÃO PROFISSIONAL\", \"totalClasses\": 120}, {\"name\": \"LÍNGUA ESTRANGEIRA MODERNA - INGLÊS E COMUNICAÇÃO PROFISSIONAL\", \"totalClasses\": 120}], [{\"name\": \"MATEMÁTICA\", \"totalClasses\": 120}, {\"name\": \"FILOSOFIA\", \"totalClasses\": 120}, {\"name\": \"SOCIOLOGIA\", \"totalClasses\": 120}, {\"name\": \"GEOGRAFIA\", \"totalClasses\": 80}, {\"name\": \"PROGRAMAÇÃO WEB III\", \"totalClasses\": 120}, {\"name\": \"PROGRAMAÇÃO DE APLICATIVOS MOBILE II\", \"totalClasses\": 120}, {\"name\": \"INTERNET, PROTOCOLOS E SEGURANÇA DE SISTEMAS DA INFORMAÇÃO\", \"totalClasses\": 120}, {\"name\": \"PLANEJAMENTO E DESENVOLVIMENTO DO TCC EM DESENVOLVIMENTO DE SISTEMAS\", \"totalClasses\": 120}, {\"name\": \"QUALIDADE E TESTE DE SOFTWARE\", \"totalClasses\": 120}, {\"name\": \"SISTEMAS EMBARCADOS\", \"totalClasses\": 120}, {\"name\": \"LÍNGUA PORTUGUESA, LITERATURA E COMUNICAÇÃO PROFISSIONAL\", \"totalClasses\": 120}, {\"name\": \"LÍNGUA ESTRANGEIRA MODERNA - ESPANHOL\", \"totalClasses\": 120}]], \"lessonsPerDay\": 8}]','(18) 3521-2494','Estr. Seis',0,'Boa Vista',NULL,'Adamantina','2022-11-09 01:06:51','2022-11-09 01:06:51','[]'),(3,'Etec Amim Jundi','18.491.358/0001-20','[{\"name\": \"Ensino Médio com Itinerário Formativo\", \"period\": \"Matutino\", \"classTheme\": [[{\"name\": \"MATEMÁTICA\", \"totalClasses\": 120}, {\"name\": \"ARTE\", \"totalClasses\": 120}, {\"name\": \"EDUCAÇÃO FÍSICA\", \"totalClasses\": 120}, {\"name\": \"FÍSICA\", \"totalClasses\": 120}, {\"name\": \"HISTÓRIA\", \"totalClasses\": 120}, {\"name\": \"QUÍMICA\", \"totalClasses\": 120}, {\"name\": \"BIOLOGIA\", \"totalClasses\": 120}, {\"name\": \"GEOGRAFIA\", \"totalClasses\": 120}, {\"name\": \"LÍNGUA PORTUGUESA, LITERATURA E COMUNICAÇÃO PROFISSIONAL\", \"totalClasses\": 120}, {\"name\": \"LÍNGUA ESTRANGEIRA MODERNA - INGLÊS E COMUNICAÇÃO PROFISSIONAL\", \"totalClasses\": 120}], [{\"name\": \"MATEMÁTICA\", \"totalClasses\": 120}, {\"name\": \"ARTE\", \"totalClasses\": 120}, {\"name\": \"EDUCAÇÃO FÍSICA\", \"totalClasses\": 120}, {\"name\": \"FÍSICA\", \"totalClasses\": 120}, {\"name\": \"HISTÓRIA\", \"totalClasses\": 120}, {\"name\": \"QUÍMICA\", \"totalClasses\": 120}, {\"name\": \"BIOLOGIA\", \"totalClasses\": 120}, {\"name\": \"LÍNGUA ESTRANGEIRA MODERNA - ESPANHOL\", \"totalClasses\": 120}, {\"name\": \"LÍNGUA PORTUGUESA, LITERATURA E COMUNICAÇÃO PROFISSIONAL\", \"totalClasses\": 120}, {\"name\": \"LÍNGUA ESTRANGEIRA MODERNA - INGLÊS E COMUNICAÇÃO PROFISSIONAL\", \"totalClasses\": 120}], [{\"name\": \"MATEMÁTICA\", \"totalClasses\": 120}, {\"name\": \"SOCIOLOGIA\", \"totalClasses\": 120}, {\"name\": \"FILOSOFIA\", \"totalClasses\": 120}, {\"name\": \"FÍSICA\", \"totalClasses\": 120}, {\"name\": \"HISTÓRIA\", \"totalClasses\": 120}, {\"name\": \"QUÍMICA\", \"totalClasses\": 120}, {\"name\": \"BIOLOGIA\", \"totalClasses\": 120}, {\"name\": \"LÍNGUA ESTRANGEIRA MODERNA - ESPANHOL\", \"totalClasses\": 120}, {\"name\": \"LÍNGUA PORTUGUESA, LITERATURA E COMUNICAÇÃO PROFISSIONAL\", \"totalClasses\": 120}, {\"name\": \"LÍNGUA ESTRANGEIRA MODERNA - INGLÊS E COMUNICAÇÃO PROFISSIONAL\", \"totalClasses\": 120}]], \"lessonsPerDay\": 6}, {\"name\": \"Ensino Médio com Técnico em Administração\", \"period\": \"Matutino\", \"classTheme\": [[{\"name\": \"MATEMÁTICA\", \"totalClasses\": 200}, {\"name\": \"FÍSICA\", \"totalClasses\": 120}, {\"name\": \"HISTÓRIA\", \"totalClasses\": 120}, {\"name\": \"QUÍMICA\", \"totalClasses\": 120}, {\"name\": \"BIOLOGIA\", \"totalClasses\": 120}, {\"name\": \"GEOGRAFIA\", \"totalClasses\": 120}, {\"name\": \"LÍNGUA ESTRANGEIRA MODERNA - ESPANHOL\", \"totalClasses\": 200}, {\"name\": \"LÍNGUA PORTUGUESA, LITERATURA E COMUNICAÇÃO PROFISSIONAL\", \"totalClasses\": 200}, {\"name\": \"LÍNGUA ESTRANGEIRA MODERNA - INGLÊS E COMUNICAÇÃO PROFISSIONAL\", \"totalClasses\": 200}], [{\"name\": \"MATEMÁTICA\", \"totalClasses\": 200}, {\"name\": \"FÍSICA\", \"totalClasses\": 120}, {\"name\": \"HISTÓRIA\", \"totalClasses\": 120}, {\"name\": \"QUÍMICA\", \"totalClasses\": 120}, {\"name\": \"BIOLOGIA\", \"totalClasses\": 120}, {\"name\": \"GEOGRAFIA\", \"totalClasses\": 120}, {\"name\": \"LÍNGUA ESTRANGEIRA MODERNA - ESPANHOL\", \"totalClasses\": 200}, {\"name\": \"LÍNGUA PORTUGUESA, LITERATURA E COMUNICAÇÃO PROFISSIONAL\", \"totalClasses\": 200}, {\"name\": \"LÍNGUA ESTRANGEIRA MODERNA - INGLÊS E COMUNICAÇÃO PROFISSIONAL\", \"totalClasses\": 200}], [{\"name\": \"MATEMÁTICA\", \"totalClasses\": 200}, {\"name\": \"FÍSICA\", \"totalClasses\": 120}, {\"name\": \"HISTÓRIA\", \"totalClasses\": 120}, {\"name\": \"QUÍMICA\", \"totalClasses\": 120}, {\"name\": \"BIOLOGIA\", \"totalClasses\": 120}, {\"name\": \"GEOGRAFIA\", \"totalClasses\": 120}, {\"name\": \"LÍNGUA ESTRANGEIRA MODERNA - ESPANHOL\", \"totalClasses\": 200}, {\"name\": \"LÍNGUA PORTUGUESA, LITERATURA E COMUNICAÇÃO PROFISSIONAL\", \"totalClasses\": 200}, {\"name\": \"LÍNGUA ESTRANGEIRA MODERNA - INGLÊS E COMUNICAÇÃO PROFISSIONAL\", \"totalClasses\": 200}]], \"lessonsPerDay\": 8}, {\"name\": \"Ensino Médio com Técnico em Desenvolvimento de Sistemas\", \"period\": \"Matutino\", \"classTheme\": [[{\"name\": \"MATEMÁTICA\", \"totalClasses\": 80}, {\"name\": \"FÍSICA\", \"totalClasses\": 80}, {\"name\": \"BIOLOGIA\", \"totalClasses\": 80}, {\"name\": \"GEOGRAFIA\", \"totalClasses\": 80}, {\"name\": \"PROGRAMAÇÃO WEB I\", \"totalClasses\": 120}, {\"name\": \"ANÁLISE E PROJETO DE SISTEMAS\", \"totalClasses\": 120}, {\"name\": \"DESIGN DIGITAL\", \"totalClasses\": 120}, {\"name\": \"FUNDAMENTOS DA INFORMÁTICA\", \"totalClasses\": 120}, {\"name\": \"TÉCNICAS DE PROGRAMAÇÃO E ALGORITMOS\", \"totalClasses\": 120}, {\"name\": \"BANCO DE DADOS I\", \"totalClasses\": 120}, {\"name\": \"LÍNGUA PORTUGUESA, LITERATURA E COMUNICAÇÃO PROFISSIONAL\", \"totalClasses\": 80}, {\"name\": \"LÍNGUA ESTRANGEIRA MODERNA - INGLÊS E COMUNICAÇÃO PROFISSIONAL\", \"totalClasses\": 80}], [{\"name\": \"MATEMÁTICA\", \"totalClasses\": 80}, {\"name\": \"QUIMICA\", \"totalClasses\": 80}, {\"name\": \"BIOLOGIA\", \"totalClasses\": 80}, {\"name\": \"SOCIOLOGIA\", \"totalClasses\": 80}, {\"name\": \"PROGRAMAÇÃO WEB II\", \"totalClasses\": 120}, {\"name\": \"DESENVOLVIMENTO DE SISTEMAS\", \"totalClasses\": 120}, {\"name\": \"DESIGN DIGITAL\", \"totalClasses\": 120}, {\"name\": \"ÉTICA E CIDADANIA ORGANIZACIONAL\", \"totalClasses\": 120}, {\"name\": \"PROGRAMAÇÃO DE APLICATIVOS MOBILE I\", \"totalClasses\": 120}, {\"name\": \"BANCO DE DADOS II\", \"totalClasses\": 120}, {\"name\": \"LÍNGUA PORTUGUESA, LITERATURA E COMUNICAÇÃO PROFISSIONAL\", \"totalClasses\": 80}, {\"name\": \"LÍNGUA ESTRANGEIRA MODERNA - INGLÊS E COMUNICAÇÃO PROFISSIONAL\", \"totalClasses\": 80}], [{\"name\": \"MATEMÁTICA\", \"totalClasses\": 80}, {\"name\": \"FILOSOFIA\", \"totalClasses\": 80}, {\"name\": \"SOCIOLOGIA\", \"totalClasses\": 80}, {\"name\": \"GEOGRAFIA\", \"totalClasses\": 80}, {\"name\": \"PROGRAMAÇÃO WEB III\", \"totalClasses\": 120}, {\"name\": \"PROGRAMAÇÃO DE APLICATIVOS MOBILE II\", \"totalClasses\": 120}, {\"name\": \"INTERNET, PROTOCOLOS E SEGURANÇA DE SISTEMAS DA INFORMAÇÃO\", \"totalClasses\": 120}, {\"name\": \"PLANEJAMENTO E DESENVOLVIMENTO DO TCC EM DESENVOLVIMENTO DE SISTEMAS\", \"totalClasses\": 120}, {\"name\": \"QUALIDADE E TESTE DE SOFTWARE\", \"totalClasses\": 120}, {\"name\": \"SISTEMAS EMBARCADOS\", \"totalClasses\": 120}, {\"name\": \"LÍNGUA PORTUGUESA, LITERATURA E COMUNICAÇÃO PROFISSIONAL\", \"totalClasses\": 80}, {\"name\": \"LÍNGUA ESTRANGEIRA MODERNA - ESPANHOL\", \"totalClasses\": 80}]], \"lessonsPerDay\": 6}, {\"name\": \"Ensino Médio com Técnico em Informática para Internet\", \"period\": \"Matutino\", \"classTheme\": [[{\"name\": \"MATEMÁTICA\", \"totalClasses\": 120}, {\"name\": \"FÍSICA\", \"totalClasses\": 120}, {\"name\": \"BIOLOGIA\", \"totalClasses\": 120}, {\"name\": \"GEOGRAFIA\", \"totalClasses\": 80}, {\"name\": \"PROGRAMAÇÃO WEB I\", \"totalClasses\": 120}, {\"name\": \"ANÁLISE E PROJETO DE SISTEMAS\", \"totalClasses\": 120}, {\"name\": \"DESIGN DIGITAL\", \"totalClasses\": 120}, {\"name\": \"FUNDAMENTOS DA INFORMÁTICA\", \"totalClasses\": 120}, {\"name\": \"TÉCNICAS DE PROGRAMAÇÃO E ALGORITMOS\", \"totalClasses\": 120}, {\"name\": \"BANCO DE DADOS I\", \"totalClasses\": 120}, {\"name\": \"LÍNGUA PORTUGUESA, LITERATURA E COMUNICAÇÃO PROFISSIONAL\", \"totalClasses\": 120}, {\"name\": \"LÍNGUA ESTRANGEIRA MODERNA - INGLÊS E COMUNICAÇÃO PROFISSIONAL\", \"totalClasses\": 120}], [{\"name\": \"MATEMÁTICA\", \"totalClasses\": 120}, {\"name\": \"QUIMICA\", \"totalClasses\": 120}, {\"name\": \"BIOLOGIA\", \"totalClasses\": 120}, {\"name\": \"SOCIOLOGIA\", \"totalClasses\": 80}, {\"name\": \"PROGRAMAÇÃO WEB II\", \"totalClasses\": 120}, {\"name\": \"DESENVOLVIMENTO DE SISTEMAS\", \"totalClasses\": 120}, {\"name\": \"DESIGN DIGITAL\", \"totalClasses\": 120}, {\"name\": \"ÉTICA E CIDADANIA ORGANIZACIONAL\", \"totalClasses\": 120}, {\"name\": \"PROGRAMAÇÃO DE APLICATIVOS MOBILE I\", \"totalClasses\": 120}, {\"name\": \"BANCO DE DADOS II\", \"totalClasses\": 120}, {\"name\": \"LÍNGUA PORTUGUESA, LITERATURA E COMUNICAÇÃO PROFISSIONAL\", \"totalClasses\": 120}, {\"name\": \"LÍNGUA ESTRANGEIRA MODERNA - INGLÊS E COMUNICAÇÃO PROFISSIONAL\", \"totalClasses\": 120}], [{\"name\": \"MATEMÁTICA\", \"totalClasses\": 120}, {\"name\": \"FILOSOFIA\", \"totalClasses\": 120}, {\"name\": \"SOCIOLOGIA\", \"totalClasses\": 120}, {\"name\": \"GEOGRAFIA\", \"totalClasses\": 80}, {\"name\": \"PROGRAMAÇÃO WEB III\", \"totalClasses\": 120}, {\"name\": \"PROGRAMAÇÃO DE APLICATIVOS MOBILE II\", \"totalClasses\": 120}, {\"name\": \"INTERNET, PROTOCOLOS E SEGURANÇA DE SISTEMAS DA INFORMAÇÃO\", \"totalClasses\": 120}, {\"name\": \"PLANEJAMENTO E DESENVOLVIMENTO DO TCC EM DESENVOLVIMENTO DE SISTEMAS\", \"totalClasses\": 120}, {\"name\": \"QUALIDADE E TESTE DE SOFTWARE\", \"totalClasses\": 120}, {\"name\": \"SISTEMAS EMBARCADOS\", \"totalClasses\": 120}, {\"name\": \"LÍNGUA PORTUGUESA, LITERATURA E COMUNICAÇÃO PROFISSIONAL\", \"totalClasses\": 120}, {\"name\": \"LÍNGUA ESTRANGEIRA MODERNA - ESPANHOL\", \"totalClasses\": 120}]], \"lessonsPerDay\": 8}]','01835283982','R. Japão',724,'Centro',NULL,'Osvaldo Cruz','2022-11-09 01:09:48','2022-11-09 01:09:48','[]'),(4,'ETEC Prof. Adolpho Arruda Mello','24.197.155/0001-28','[{\"name\": \"Ensino Médio com Itinerário Formativo\", \"period\": \"Matutino\", \"classTheme\": [[{\"name\": \"MATEMÁTICA\", \"totalClasses\": 120}, {\"name\": \"ARTE\", \"totalClasses\": 120}, {\"name\": \"EDUCAÇÃO FÍSICA\", \"totalClasses\": 120}, {\"name\": \"FÍSICA\", \"totalClasses\": 120}, {\"name\": \"HISTÓRIA\", \"totalClasses\": 120}, {\"name\": \"QUÍMICA\", \"totalClasses\": 120}, {\"name\": \"BIOLOGIA\", \"totalClasses\": 120}, {\"name\": \"GEOGRAFIA\", \"totalClasses\": 120}, {\"name\": \"LÍNGUA PORTUGUESA, LITERATURA E COMUNICAÇÃO PROFISSIONAL\", \"totalClasses\": 120}, {\"name\": \"LÍNGUA ESTRANGEIRA MODERNA - INGLÊS E COMUNICAÇÃO PROFISSIONAL\", \"totalClasses\": 120}], [{\"name\": \"MATEMÁTICA\", \"totalClasses\": 120}, {\"name\": \"ARTE\", \"totalClasses\": 120}, {\"name\": \"EDUCAÇÃO FÍSICA\", \"totalClasses\": 120}, {\"name\": \"FÍSICA\", \"totalClasses\": 120}, {\"name\": \"HISTÓRIA\", \"totalClasses\": 120}, {\"name\": \"QUÍMICA\", \"totalClasses\": 120}, {\"name\": \"BIOLOGIA\", \"totalClasses\": 120}, {\"name\": \"LÍNGUA ESTRANGEIRA MODERNA - ESPANHOL\", \"totalClasses\": 120}, {\"name\": \"LÍNGUA PORTUGUESA, LITERATURA E COMUNICAÇÃO PROFISSIONAL\", \"totalClasses\": 120}, {\"name\": \"LÍNGUA ESTRANGEIRA MODERNA - INGLÊS E COMUNICAÇÃO PROFISSIONAL\", \"totalClasses\": 120}], [{\"name\": \"MATEMÁTICA\", \"totalClasses\": 120}, {\"name\": \"SOCIOLOGIA\", \"totalClasses\": 120}, {\"name\": \"FILOSOFIA\", \"totalClasses\": 120}, {\"name\": \"FÍSICA\", \"totalClasses\": 120}, {\"name\": \"HISTÓRIA\", \"totalClasses\": 120}, {\"name\": \"QUÍMICA\", \"totalClasses\": 120}, {\"name\": \"BIOLOGIA\", \"totalClasses\": 120}, {\"name\": \"LÍNGUA ESTRANGEIRA MODERNA - ESPANHOL\", \"totalClasses\": 120}, {\"name\": \"LÍNGUA PORTUGUESA, LITERATURA E COMUNICAÇÃO PROFISSIONAL\", \"totalClasses\": 120}, {\"name\": \"LÍNGUA ESTRANGEIRA MODERNA - INGLÊS E COMUNICAÇÃO PROFISSIONAL\", \"totalClasses\": 120}]], \"lessonsPerDay\": 6}, {\"name\": \"Ensino Médio com Técnico em Administração\", \"period\": \"Matutino\", \"classTheme\": [[{\"name\": \"MATEMÁTICA\", \"totalClasses\": 200}, {\"name\": \"FÍSICA\", \"totalClasses\": 120}, {\"name\": \"HISTÓRIA\", \"totalClasses\": 120}, {\"name\": \"QUÍMICA\", \"totalClasses\": 120}, {\"name\": \"BIOLOGIA\", \"totalClasses\": 120}, {\"name\": \"GEOGRAFIA\", \"totalClasses\": 120}, {\"name\": \"LÍNGUA ESTRANGEIRA MODERNA - ESPANHOL\", \"totalClasses\": 200}, {\"name\": \"LÍNGUA PORTUGUESA, LITERATURA E COMUNICAÇÃO PROFISSIONAL\", \"totalClasses\": 200}, {\"name\": \"LÍNGUA ESTRANGEIRA MODERNA - INGLÊS E COMUNICAÇÃO PROFISSIONAL\", \"totalClasses\": 200}], [{\"name\": \"MATEMÁTICA\", \"totalClasses\": 200}, {\"name\": \"FÍSICA\", \"totalClasses\": 120}, {\"name\": \"HISTÓRIA\", \"totalClasses\": 120}, {\"name\": \"QUÍMICA\", \"totalClasses\": 120}, {\"name\": \"BIOLOGIA\", \"totalClasses\": 120}, {\"name\": \"GEOGRAFIA\", \"totalClasses\": 120}, {\"name\": \"LÍNGUA ESTRANGEIRA MODERNA - ESPANHOL\", \"totalClasses\": 200}, {\"name\": \"LÍNGUA PORTUGUESA, LITERATURA E COMUNICAÇÃO PROFISSIONAL\", \"totalClasses\": 200}, {\"name\": \"LÍNGUA ESTRANGEIRA MODERNA - INGLÊS E COMUNICAÇÃO PROFISSIONAL\", \"totalClasses\": 200}], [{\"name\": \"MATEMÁTICA\", \"totalClasses\": 200}, {\"name\": \"FÍSICA\", \"totalClasses\": 120}, {\"name\": \"HISTÓRIA\", \"totalClasses\": 120}, {\"name\": \"QUÍMICA\", \"totalClasses\": 120}, {\"name\": \"BIOLOGIA\", \"totalClasses\": 120}, {\"name\": \"GEOGRAFIA\", \"totalClasses\": 120}, {\"name\": \"LÍNGUA ESTRANGEIRA MODERNA - ESPANHOL\", \"totalClasses\": 200}, {\"name\": \"LÍNGUA PORTUGUESA, LITERATURA E COMUNICAÇÃO PROFISSIONAL\", \"totalClasses\": 200}, {\"name\": \"LÍNGUA ESTRANGEIRA MODERNA - INGLÊS E COMUNICAÇÃO PROFISSIONAL\", \"totalClasses\": 200}]], \"lessonsPerDay\": 8}, {\"name\": \"Ensino Médio com Técnico em Desenvolvimento de Sistemas\", \"period\": \"Matutino\", \"classTheme\": [[{\"name\": \"MATEMÁTICA\", \"totalClasses\": 80}, {\"name\": \"FÍSICA\", \"totalClasses\": 80}, {\"name\": \"BIOLOGIA\", \"totalClasses\": 80}, {\"name\": \"GEOGRAFIA\", \"totalClasses\": 80}, {\"name\": \"PROGRAMAÇÃO WEB I\", \"totalClasses\": 120}, {\"name\": \"ANÁLISE E PROJETO DE SISTEMAS\", \"totalClasses\": 120}, {\"name\": \"DESIGN DIGITAL\", \"totalClasses\": 120}, {\"name\": \"FUNDAMENTOS DA INFORMÁTICA\", \"totalClasses\": 120}, {\"name\": \"TÉCNICAS DE PROGRAMAÇÃO E ALGORITMOS\", \"totalClasses\": 120}, {\"name\": \"BANCO DE DADOS I\", \"totalClasses\": 120}, {\"name\": \"LÍNGUA PORTUGUESA, LITERATURA E COMUNICAÇÃO PROFISSIONAL\", \"totalClasses\": 80}, {\"name\": \"LÍNGUA ESTRANGEIRA MODERNA - INGLÊS E COMUNICAÇÃO PROFISSIONAL\", \"totalClasses\": 80}], [{\"name\": \"MATEMÁTICA\", \"totalClasses\": 80}, {\"name\": \"QUIMICA\", \"totalClasses\": 80}, {\"name\": \"BIOLOGIA\", \"totalClasses\": 80}, {\"name\": \"SOCIOLOGIA\", \"totalClasses\": 80}, {\"name\": \"PROGRAMAÇÃO WEB II\", \"totalClasses\": 120}, {\"name\": \"DESENVOLVIMENTO DE SISTEMAS\", \"totalClasses\": 120}, {\"name\": \"DESIGN DIGITAL\", \"totalClasses\": 120}, {\"name\": \"ÉTICA E CIDADANIA ORGANIZACIONAL\", \"totalClasses\": 120}, {\"name\": \"PROGRAMAÇÃO DE APLICATIVOS MOBILE I\", \"totalClasses\": 120}, {\"name\": \"BANCO DE DADOS II\", \"totalClasses\": 120}, {\"name\": \"LÍNGUA PORTUGUESA, LITERATURA E COMUNICAÇÃO PROFISSIONAL\", \"totalClasses\": 80}, {\"name\": \"LÍNGUA ESTRANGEIRA MODERNA - INGLÊS E COMUNICAÇÃO PROFISSIONAL\", \"totalClasses\": 80}], [{\"name\": \"MATEMÁTICA\", \"totalClasses\": 80}, {\"name\": \"FILOSOFIA\", \"totalClasses\": 80}, {\"name\": \"SOCIOLOGIA\", \"totalClasses\": 80}, {\"name\": \"GEOGRAFIA\", \"totalClasses\": 80}, {\"name\": \"PROGRAMAÇÃO WEB III\", \"totalClasses\": 120}, {\"name\": \"PROGRAMAÇÃO DE APLICATIVOS MOBILE II\", \"totalClasses\": 120}, {\"name\": \"INTERNET, PROTOCOLOS E SEGURANÇA DE SISTEMAS DA INFORMAÇÃO\", \"totalClasses\": 120}, {\"name\": \"PLANEJAMENTO E DESENVOLVIMENTO DO TCC EM DESENVOLVIMENTO DE SISTEMAS\", \"totalClasses\": 120}, {\"name\": \"QUALIDADE E TESTE DE SOFTWARE\", \"totalClasses\": 120}, {\"name\": \"SISTEMAS EMBARCADOS\", \"totalClasses\": 120}, {\"name\": \"LÍNGUA PORTUGUESA, LITERATURA E COMUNICAÇÃO PROFISSIONAL\", \"totalClasses\": 80}, {\"name\": \"LÍNGUA ESTRANGEIRA MODERNA - ESPANHOL\", \"totalClasses\": 80}]], \"lessonsPerDay\": 6}, {\"name\": \"Ensino Médio com Técnico em Informática para Internet\", \"period\": \"Matutino\", \"classTheme\": [[{\"name\": \"MATEMÁTICA\", \"totalClasses\": 120}, {\"name\": \"FÍSICA\", \"totalClasses\": 120}, {\"name\": \"BIOLOGIA\", \"totalClasses\": 120}, {\"name\": \"GEOGRAFIA\", \"totalClasses\": 80}, {\"name\": \"PROGRAMAÇÃO WEB I\", \"totalClasses\": 120}, {\"name\": \"ANÁLISE E PROJETO DE SISTEMAS\", \"totalClasses\": 120}, {\"name\": \"DESIGN DIGITAL\", \"totalClasses\": 120}, {\"name\": \"FUNDAMENTOS DA INFORMÁTICA\", \"totalClasses\": 120}, {\"name\": \"TÉCNICAS DE PROGRAMAÇÃO E ALGORITMOS\", \"totalClasses\": 120}, {\"name\": \"BANCO DE DADOS I\", \"totalClasses\": 120}, {\"name\": \"LÍNGUA PORTUGUESA, LITERATURA E COMUNICAÇÃO PROFISSIONAL\", \"totalClasses\": 120}, {\"name\": \"LÍNGUA ESTRANGEIRA MODERNA - INGLÊS E COMUNICAÇÃO PROFISSIONAL\", \"totalClasses\": 120}], [{\"name\": \"MATEMÁTICA\", \"totalClasses\": 120}, {\"name\": \"QUIMICA\", \"totalClasses\": 120}, {\"name\": \"BIOLOGIA\", \"totalClasses\": 120}, {\"name\": \"SOCIOLOGIA\", \"totalClasses\": 80}, {\"name\": \"PROGRAMAÇÃO WEB II\", \"totalClasses\": 120}, {\"name\": \"DESENVOLVIMENTO DE SISTEMAS\", \"totalClasses\": 120}, {\"name\": \"DESIGN DIGITAL\", \"totalClasses\": 120}, {\"name\": \"ÉTICA E CIDADANIA ORGANIZACIONAL\", \"totalClasses\": 120}, {\"name\": \"PROGRAMAÇÃO DE APLICATIVOS MOBILE I\", \"totalClasses\": 120}, {\"name\": \"BANCO DE DADOS II\", \"totalClasses\": 120}, {\"name\": \"LÍNGUA PORTUGUESA, LITERATURA E COMUNICAÇÃO PROFISSIONAL\", \"totalClasses\": 120}, {\"name\": \"LÍNGUA ESTRANGEIRA MODERNA - INGLÊS E COMUNICAÇÃO PROFISSIONAL\", \"totalClasses\": 120}], [{\"name\": \"MATEMÁTICA\", \"totalClasses\": 120}, {\"name\": \"FILOSOFIA\", \"totalClasses\": 120}, {\"name\": \"SOCIOLOGIA\", \"totalClasses\": 120}, {\"name\": \"GEOGRAFIA\", \"totalClasses\": 80}, {\"name\": \"PROGRAMAÇÃO WEB III\", \"totalClasses\": 120}, {\"name\": \"PROGRAMAÇÃO DE APLICATIVOS MOBILE II\", \"totalClasses\": 120}, {\"name\": \"INTERNET, PROTOCOLOS E SEGURANÇA DE SISTEMAS DA INFORMAÇÃO\", \"totalClasses\": 120}, {\"name\": \"PLANEJAMENTO E DESENVOLVIMENTO DO TCC EM DESENVOLVIMENTO DE SISTEMAS\", \"totalClasses\": 120}, {\"name\": \"QUALIDADE E TESTE DE SOFTWARE\", \"totalClasses\": 120}, {\"name\": \"SISTEMAS EMBARCADOS\", \"totalClasses\": 120}, {\"name\": \"LÍNGUA PORTUGUESA, LITERATURA E COMUNICAÇÃO PROFISSIONAL\", \"totalClasses\": 120}, {\"name\": \"LÍNGUA ESTRANGEIRA MODERNA - ESPANHOL\", \"totalClasses\": 120}]], \"lessonsPerDay\": 8}]','01839163779','R. Ribeiro de Barros',1770,'Centro',NULL,'Presidente Prudente','2022-11-09 01:15:33','2022-11-09 01:15:33','[]'),(5,'ETEC Prof. Massuyuki Kawano','00.919.147/0001-80','[{\"name\": \"Ensino Médio com Itinerário Formativo\", \"period\": \"Matutino\", \"classTheme\": [[{\"name\": \"MATEMÁTICA\", \"totalClasses\": 120}, {\"name\": \"ARTE\", \"totalClasses\": 120}, {\"name\": \"EDUCAÇÃO FÍSICA\", \"totalClasses\": 120}, {\"name\": \"FÍSICA\", \"totalClasses\": 120}, {\"name\": \"HISTÓRIA\", \"totalClasses\": 120}, {\"name\": \"QUÍMICA\", \"totalClasses\": 120}, {\"name\": \"BIOLOGIA\", \"totalClasses\": 120}, {\"name\": \"GEOGRAFIA\", \"totalClasses\": 120}, {\"name\": \"LÍNGUA PORTUGUESA, LITERATURA E COMUNICAÇÃO PROFISSIONAL\", \"totalClasses\": 120}, {\"name\": \"LÍNGUA ESTRANGEIRA MODERNA - INGLÊS E COMUNICAÇÃO PROFISSIONAL\", \"totalClasses\": 120}], [{\"name\": \"MATEMÁTICA\", \"totalClasses\": 120}, {\"name\": \"ARTE\", \"totalClasses\": 120}, {\"name\": \"EDUCAÇÃO FÍSICA\", \"totalClasses\": 120}, {\"name\": \"FÍSICA\", \"totalClasses\": 120}, {\"name\": \"HISTÓRIA\", \"totalClasses\": 120}, {\"name\": \"QUÍMICA\", \"totalClasses\": 120}, {\"name\": \"BIOLOGIA\", \"totalClasses\": 120}, {\"name\": \"LÍNGUA ESTRANGEIRA MODERNA - ESPANHOL\", \"totalClasses\": 120}, {\"name\": \"LÍNGUA PORTUGUESA, LITERATURA E COMUNICAÇÃO PROFISSIONAL\", \"totalClasses\": 120}, {\"name\": \"LÍNGUA ESTRANGEIRA MODERNA - INGLÊS E COMUNICAÇÃO PROFISSIONAL\", \"totalClasses\": 120}], [{\"name\": \"MATEMÁTICA\", \"totalClasses\": 120}, {\"name\": \"SOCIOLOGIA\", \"totalClasses\": 120}, {\"name\": \"FILOSOFIA\", \"totalClasses\": 120}, {\"name\": \"FÍSICA\", \"totalClasses\": 120}, {\"name\": \"HISTÓRIA\", \"totalClasses\": 120}, {\"name\": \"QUÍMICA\", \"totalClasses\": 120}, {\"name\": \"BIOLOGIA\", \"totalClasses\": 120}, {\"name\": \"LÍNGUA ESTRANGEIRA MODERNA - ESPANHOL\", \"totalClasses\": 120}, {\"name\": \"LÍNGUA PORTUGUESA, LITERATURA E COMUNICAÇÃO PROFISSIONAL\", \"totalClasses\": 120}, {\"name\": \"LÍNGUA ESTRANGEIRA MODERNA - INGLÊS E COMUNICAÇÃO PROFISSIONAL\", \"totalClasses\": 120}]], \"lessonsPerDay\": 6}, {\"name\": \"Ensino Médio com Técnico em Administração\", \"period\": \"Matutino\", \"classTheme\": [[{\"name\": \"MATEMÁTICA\", \"totalClasses\": 200}, {\"name\": \"FÍSICA\", \"totalClasses\": 120}, {\"name\": \"HISTÓRIA\", \"totalClasses\": 120}, {\"name\": \"QUÍMICA\", \"totalClasses\": 120}, {\"name\": \"BIOLOGIA\", \"totalClasses\": 120}, {\"name\": \"GEOGRAFIA\", \"totalClasses\": 120}, {\"name\": \"LÍNGUA ESTRANGEIRA MODERNA - ESPANHOL\", \"totalClasses\": 200}, {\"name\": \"LÍNGUA PORTUGUESA, LITERATURA E COMUNICAÇÃO PROFISSIONAL\", \"totalClasses\": 200}, {\"name\": \"LÍNGUA ESTRANGEIRA MODERNA - INGLÊS E COMUNICAÇÃO PROFISSIONAL\", \"totalClasses\": 200}], [{\"name\": \"MATEMÁTICA\", \"totalClasses\": 200}, {\"name\": \"FÍSICA\", \"totalClasses\": 120}, {\"name\": \"HISTÓRIA\", \"totalClasses\": 120}, {\"name\": \"QUÍMICA\", \"totalClasses\": 120}, {\"name\": \"BIOLOGIA\", \"totalClasses\": 120}, {\"name\": \"GEOGRAFIA\", \"totalClasses\": 120}, {\"name\": \"LÍNGUA ESTRANGEIRA MODERNA - ESPANHOL\", \"totalClasses\": 200}, {\"name\": \"LÍNGUA PORTUGUESA, LITERATURA E COMUNICAÇÃO PROFISSIONAL\", \"totalClasses\": 200}, {\"name\": \"LÍNGUA ESTRANGEIRA MODERNA - INGLÊS E COMUNICAÇÃO PROFISSIONAL\", \"totalClasses\": 200}], [{\"name\": \"MATEMÁTICA\", \"totalClasses\": 200}, {\"name\": \"FÍSICA\", \"totalClasses\": 120}, {\"name\": \"HISTÓRIA\", \"totalClasses\": 120}, {\"name\": \"QUÍMICA\", \"totalClasses\": 120}, {\"name\": \"BIOLOGIA\", \"totalClasses\": 120}, {\"name\": \"GEOGRAFIA\", \"totalClasses\": 120}, {\"name\": \"LÍNGUA ESTRANGEIRA MODERNA - ESPANHOL\", \"totalClasses\": 200}, {\"name\": \"LÍNGUA PORTUGUESA, LITERATURA E COMUNICAÇÃO PROFISSIONAL\", \"totalClasses\": 200}, {\"name\": \"LÍNGUA ESTRANGEIRA MODERNA - INGLÊS E COMUNICAÇÃO PROFISSIONAL\", \"totalClasses\": 200}]], \"lessonsPerDay\": 8}, {\"name\": \"Ensino Médio com Técnico em Desenvolvimento de Sistemas\", \"period\": \"Matutino\", \"classTheme\": [[{\"name\": \"MATEMÁTICA\", \"totalClasses\": 80}, {\"name\": \"FÍSICA\", \"totalClasses\": 80}, {\"name\": \"BIOLOGIA\", \"totalClasses\": 80}, {\"name\": \"GEOGRAFIA\", \"totalClasses\": 80}, {\"name\": \"PROGRAMAÇÃO WEB I\", \"totalClasses\": 120}, {\"name\": \"ANÁLISE E PROJETO DE SISTEMAS\", \"totalClasses\": 120}, {\"name\": \"DESIGN DIGITAL\", \"totalClasses\": 120}, {\"name\": \"FUNDAMENTOS DA INFORMÁTICA\", \"totalClasses\": 120}, {\"name\": \"TÉCNICAS DE PROGRAMAÇÃO E ALGORITMOS\", \"totalClasses\": 120}, {\"name\": \"BANCO DE DADOS I\", \"totalClasses\": 120}, {\"name\": \"LÍNGUA PORTUGUESA, LITERATURA E COMUNICAÇÃO PROFISSIONAL\", \"totalClasses\": 80}, {\"name\": \"LÍNGUA ESTRANGEIRA MODERNA - INGLÊS E COMUNICAÇÃO PROFISSIONAL\", \"totalClasses\": 80}], [{\"name\": \"MATEMÁTICA\", \"totalClasses\": 80}, {\"name\": \"QUIMICA\", \"totalClasses\": 80}, {\"name\": \"BIOLOGIA\", \"totalClasses\": 80}, {\"name\": \"SOCIOLOGIA\", \"totalClasses\": 80}, {\"name\": \"PROGRAMAÇÃO WEB II\", \"totalClasses\": 120}, {\"name\": \"DESENVOLVIMENTO DE SISTEMAS\", \"totalClasses\": 120}, {\"name\": \"DESIGN DIGITAL\", \"totalClasses\": 120}, {\"name\": \"ÉTICA E CIDADANIA ORGANIZACIONAL\", \"totalClasses\": 120}, {\"name\": \"PROGRAMAÇÃO DE APLICATIVOS MOBILE I\", \"totalClasses\": 120}, {\"name\": \"BANCO DE DADOS II\", \"totalClasses\": 120}, {\"name\": \"LÍNGUA PORTUGUESA, LITERATURA E COMUNICAÇÃO PROFISSIONAL\", \"totalClasses\": 80}, {\"name\": \"LÍNGUA ESTRANGEIRA MODERNA - INGLÊS E COMUNICAÇÃO PROFISSIONAL\", \"totalClasses\": 80}], [{\"name\": \"MATEMÁTICA\", \"totalClasses\": 80}, {\"name\": \"FILOSOFIA\", \"totalClasses\": 80}, {\"name\": \"SOCIOLOGIA\", \"totalClasses\": 80}, {\"name\": \"GEOGRAFIA\", \"totalClasses\": 80}, {\"name\": \"PROGRAMAÇÃO WEB III\", \"totalClasses\": 120}, {\"name\": \"PROGRAMAÇÃO DE APLICATIVOS MOBILE II\", \"totalClasses\": 120}, {\"name\": \"INTERNET, PROTOCOLOS E SEGURANÇA DE SISTEMAS DA INFORMAÇÃO\", \"totalClasses\": 120}, {\"name\": \"PLANEJAMENTO E DESENVOLVIMENTO DO TCC EM DESENVOLVIMENTO DE SISTEMAS\", \"totalClasses\": 120}, {\"name\": \"QUALIDADE E TESTE DE SOFTWARE\", \"totalClasses\": 120}, {\"name\": \"SISTEMAS EMBARCADOS\", \"totalClasses\": 120}, {\"name\": \"LÍNGUA PORTUGUESA, LITERATURA E COMUNICAÇÃO PROFISSIONAL\", \"totalClasses\": 80}, {\"name\": \"LÍNGUA ESTRANGEIRA MODERNA - ESPANHOL\", \"totalClasses\": 80}]], \"lessonsPerDay\": 6}, {\"name\": \"Ensino Médio com Técnico em Informática para Internet\", \"period\": \"Matutino\", \"classTheme\": [[{\"name\": \"MATEMÁTICA\", \"totalClasses\": 120}, {\"name\": \"FÍSICA\", \"totalClasses\": 120}, {\"name\": \"BIOLOGIA\", \"totalClasses\": 120}, {\"name\": \"GEOGRAFIA\", \"totalClasses\": 80}, {\"name\": \"PROGRAMAÇÃO WEB I\", \"totalClasses\": 120}, {\"name\": \"ANÁLISE E PROJETO DE SISTEMAS\", \"totalClasses\": 120}, {\"name\": \"DESIGN DIGITAL\", \"totalClasses\": 120}, {\"name\": \"FUNDAMENTOS DA INFORMÁTICA\", \"totalClasses\": 120}, {\"name\": \"TÉCNICAS DE PROGRAMAÇÃO E ALGORITMOS\", \"totalClasses\": 120}, {\"name\": \"BANCO DE DADOS I\", \"totalClasses\": 120}, {\"name\": \"LÍNGUA PORTUGUESA, LITERATURA E COMUNICAÇÃO PROFISSIONAL\", \"totalClasses\": 120}, {\"name\": \"LÍNGUA ESTRANGEIRA MODERNA - INGLÊS E COMUNICAÇÃO PROFISSIONAL\", \"totalClasses\": 120}], [{\"name\": \"MATEMÁTICA\", \"totalClasses\": 120}, {\"name\": \"QUIMICA\", \"totalClasses\": 120}, {\"name\": \"BIOLOGIA\", \"totalClasses\": 120}, {\"name\": \"SOCIOLOGIA\", \"totalClasses\": 80}, {\"name\": \"PROGRAMAÇÃO WEB II\", \"totalClasses\": 120}, {\"name\": \"DESENVOLVIMENTO DE SISTEMAS\", \"totalClasses\": 120}, {\"name\": \"DESIGN DIGITAL\", \"totalClasses\": 120}, {\"name\": \"ÉTICA E CIDADANIA ORGANIZACIONAL\", \"totalClasses\": 120}, {\"name\": \"PROGRAMAÇÃO DE APLICATIVOS MOBILE I\", \"totalClasses\": 120}, {\"name\": \"BANCO DE DADOS II\", \"totalClasses\": 120}, {\"name\": \"LÍNGUA PORTUGUESA, LITERATURA E COMUNICAÇÃO PROFISSIONAL\", \"totalClasses\": 120}, {\"name\": \"LÍNGUA ESTRANGEIRA MODERNA - INGLÊS E COMUNICAÇÃO PROFISSIONAL\", \"totalClasses\": 120}], [{\"name\": \"MATEMÁTICA\", \"totalClasses\": 120}, {\"name\": \"FILOSOFIA\", \"totalClasses\": 120}, {\"name\": \"SOCIOLOGIA\", \"totalClasses\": 120}, {\"name\": \"GEOGRAFIA\", \"totalClasses\": 80}, {\"name\": \"PROGRAMAÇÃO WEB III\", \"totalClasses\": 120}, {\"name\": \"PROGRAMAÇÃO DE APLICATIVOS MOBILE II\", \"totalClasses\": 120}, {\"name\": \"INTERNET, PROTOCOLOS E SEGURANÇA DE SISTEMAS DA INFORMAÇÃO\", \"totalClasses\": 120}, {\"name\": \"PLANEJAMENTO E DESENVOLVIMENTO DO TCC EM DESENVOLVIMENTO DE SISTEMAS\", \"totalClasses\": 120}, {\"name\": \"QUALIDADE E TESTE DE SOFTWARE\", \"totalClasses\": 120}, {\"name\": \"SISTEMAS EMBARCADOS\", \"totalClasses\": 120}, {\"name\": \"LÍNGUA PORTUGUESA, LITERATURA E COMUNICAÇÃO PROFISSIONAL\", \"totalClasses\": 120}, {\"name\": \"LÍNGUA ESTRANGEIRA MODERNA - ESPANHOL\", \"totalClasses\": 120}]], \"lessonsPerDay\": 8}]','01434915393','R. Bezerra de Menezes',215,'Vila Independencia',NULL,'Tupã','2022-11-09 01:19:32','2022-11-09 01:19:32','[]'),(6,'Etec Dr. Luiz César Couto (Agrícola)','00.541.740/0001-35','[{\"name\": \"Ensino Médio com Itinerário Formativo\", \"period\": \"Matutino\", \"classTheme\": [[{\"name\": \"MATEMÁTICA\", \"totalClasses\": 120}, {\"name\": \"ARTE\", \"totalClasses\": 120}, {\"name\": \"EDUCAÇÃO FÍSICA\", \"totalClasses\": 120}, {\"name\": \"FÍSICA\", \"totalClasses\": 120}, {\"name\": \"HISTÓRIA\", \"totalClasses\": 120}, {\"name\": \"QUÍMICA\", \"totalClasses\": 120}, {\"name\": \"BIOLOGIA\", \"totalClasses\": 120}, {\"name\": \"GEOGRAFIA\", \"totalClasses\": 120}, {\"name\": \"LÍNGUA PORTUGUESA, LITERATURA E COMUNICAÇÃO PROFISSIONAL\", \"totalClasses\": 120}, {\"name\": \"LÍNGUA ESTRANGEIRA MODERNA - INGLÊS E COMUNICAÇÃO PROFISSIONAL\", \"totalClasses\": 120}], [{\"name\": \"MATEMÁTICA\", \"totalClasses\": 120}, {\"name\": \"ARTE\", \"totalClasses\": 120}, {\"name\": \"EDUCAÇÃO FÍSICA\", \"totalClasses\": 120}, {\"name\": \"FÍSICA\", \"totalClasses\": 120}, {\"name\": \"HISTÓRIA\", \"totalClasses\": 120}, {\"name\": \"QUÍMICA\", \"totalClasses\": 120}, {\"name\": \"BIOLOGIA\", \"totalClasses\": 120}, {\"name\": \"LÍNGUA ESTRANGEIRA MODERNA - ESPANHOL\", \"totalClasses\": 120}, {\"name\": \"LÍNGUA PORTUGUESA, LITERATURA E COMUNICAÇÃO PROFISSIONAL\", \"totalClasses\": 120}, {\"name\": \"LÍNGUA ESTRANGEIRA MODERNA - INGLÊS E COMUNICAÇÃO PROFISSIONAL\", \"totalClasses\": 120}], [{\"name\": \"MATEMÁTICA\", \"totalClasses\": 120}, {\"name\": \"SOCIOLOGIA\", \"totalClasses\": 120}, {\"name\": \"FILOSOFIA\", \"totalClasses\": 120}, {\"name\": \"FÍSICA\", \"totalClasses\": 120}, {\"name\": \"HISTÓRIA\", \"totalClasses\": 120}, {\"name\": \"QUÍMICA\", \"totalClasses\": 120}, {\"name\": \"BIOLOGIA\", \"totalClasses\": 120}, {\"name\": \"LÍNGUA ESTRANGEIRA MODERNA - ESPANHOL\", \"totalClasses\": 120}, {\"name\": \"LÍNGUA PORTUGUESA, LITERATURA E COMUNICAÇÃO PROFISSIONAL\", \"totalClasses\": 120}, {\"name\": \"LÍNGUA ESTRANGEIRA MODERNA - INGLÊS E COMUNICAÇÃO PROFISSIONAL\", \"totalClasses\": 120}]], \"lessonsPerDay\": 6}, {\"name\": \"Ensino Médio com Técnico em Administração\", \"period\": \"Matutino\", \"classTheme\": [[{\"name\": \"MATEMÁTICA\", \"totalClasses\": 200}, {\"name\": \"FÍSICA\", \"totalClasses\": 120}, {\"name\": \"HISTÓRIA\", \"totalClasses\": 120}, {\"name\": \"QUÍMICA\", \"totalClasses\": 120}, {\"name\": \"BIOLOGIA\", \"totalClasses\": 120}, {\"name\": \"GEOGRAFIA\", \"totalClasses\": 120}, {\"name\": \"LÍNGUA ESTRANGEIRA MODERNA - ESPANHOL\", \"totalClasses\": 200}, {\"name\": \"LÍNGUA PORTUGUESA, LITERATURA E COMUNICAÇÃO PROFISSIONAL\", \"totalClasses\": 200}, {\"name\": \"LÍNGUA ESTRANGEIRA MODERNA - INGLÊS E COMUNICAÇÃO PROFISSIONAL\", \"totalClasses\": 200}], [{\"name\": \"MATEMÁTICA\", \"totalClasses\": 200}, {\"name\": \"FÍSICA\", \"totalClasses\": 120}, {\"name\": \"HISTÓRIA\", \"totalClasses\": 120}, {\"name\": \"QUÍMICA\", \"totalClasses\": 120}, {\"name\": \"BIOLOGIA\", \"totalClasses\": 120}, {\"name\": \"GEOGRAFIA\", \"totalClasses\": 120}, {\"name\": \"LÍNGUA ESTRANGEIRA MODERNA - ESPANHOL\", \"totalClasses\": 200}, {\"name\": \"LÍNGUA PORTUGUESA, LITERATURA E COMUNICAÇÃO PROFISSIONAL\", \"totalClasses\": 200}, {\"name\": \"LÍNGUA ESTRANGEIRA MODERNA - INGLÊS E COMUNICAÇÃO PROFISSIONAL\", \"totalClasses\": 200}], [{\"name\": \"MATEMÁTICA\", \"totalClasses\": 200}, {\"name\": \"FÍSICA\", \"totalClasses\": 120}, {\"name\": \"HISTÓRIA\", \"totalClasses\": 120}, {\"name\": \"QUÍMICA\", \"totalClasses\": 120}, {\"name\": \"BIOLOGIA\", \"totalClasses\": 120}, {\"name\": \"GEOGRAFIA\", \"totalClasses\": 120}, {\"name\": \"LÍNGUA ESTRANGEIRA MODERNA - ESPANHOL\", \"totalClasses\": 200}, {\"name\": \"LÍNGUA PORTUGUESA, LITERATURA E COMUNICAÇÃO PROFISSIONAL\", \"totalClasses\": 200}, {\"name\": \"LÍNGUA ESTRANGEIRA MODERNA - INGLÊS E COMUNICAÇÃO PROFISSIONAL\", \"totalClasses\": 200}]], \"lessonsPerDay\": 8}, {\"name\": \"Ensino Médio com Técnico em Desenvolvimento de Sistemas\", \"period\": \"Matutino\", \"classTheme\": [[{\"name\": \"MATEMÁTICA\", \"totalClasses\": 80}, {\"name\": \"FÍSICA\", \"totalClasses\": 80}, {\"name\": \"BIOLOGIA\", \"totalClasses\": 80}, {\"name\": \"GEOGRAFIA\", \"totalClasses\": 80}, {\"name\": \"PROGRAMAÇÃO WEB I\", \"totalClasses\": 120}, {\"name\": \"ANÁLISE E PROJETO DE SISTEMAS\", \"totalClasses\": 120}, {\"name\": \"DESIGN DIGITAL\", \"totalClasses\": 120}, {\"name\": \"FUNDAMENTOS DA INFORMÁTICA\", \"totalClasses\": 120}, {\"name\": \"TÉCNICAS DE PROGRAMAÇÃO E ALGORITMOS\", \"totalClasses\": 120}, {\"name\": \"BANCO DE DADOS I\", \"totalClasses\": 120}, {\"name\": \"LÍNGUA PORTUGUESA, LITERATURA E COMUNICAÇÃO PROFISSIONAL\", \"totalClasses\": 80}, {\"name\": \"LÍNGUA ESTRANGEIRA MODERNA - INGLÊS E COMUNICAÇÃO PROFISSIONAL\", \"totalClasses\": 80}], [{\"name\": \"MATEMÁTICA\", \"totalClasses\": 80}, {\"name\": \"QUIMICA\", \"totalClasses\": 80}, {\"name\": \"BIOLOGIA\", \"totalClasses\": 80}, {\"name\": \"SOCIOLOGIA\", \"totalClasses\": 80}, {\"name\": \"PROGRAMAÇÃO WEB II\", \"totalClasses\": 120}, {\"name\": \"DESENVOLVIMENTO DE SISTEMAS\", \"totalClasses\": 120}, {\"name\": \"DESIGN DIGITAL\", \"totalClasses\": 120}, {\"name\": \"ÉTICA E CIDADANIA ORGANIZACIONAL\", \"totalClasses\": 120}, {\"name\": \"PROGRAMAÇÃO DE APLICATIVOS MOBILE I\", \"totalClasses\": 120}, {\"name\": \"BANCO DE DADOS II\", \"totalClasses\": 120}, {\"name\": \"LÍNGUA PORTUGUESA, LITERATURA E COMUNICAÇÃO PROFISSIONAL\", \"totalClasses\": 80}, {\"name\": \"LÍNGUA ESTRANGEIRA MODERNA - INGLÊS E COMUNICAÇÃO PROFISSIONAL\", \"totalClasses\": 80}], [{\"name\": \"MATEMÁTICA\", \"totalClasses\": 80}, {\"name\": \"FILOSOFIA\", \"totalClasses\": 80}, {\"name\": \"SOCIOLOGIA\", \"totalClasses\": 80}, {\"name\": \"GEOGRAFIA\", \"totalClasses\": 80}, {\"name\": \"PROGRAMAÇÃO WEB III\", \"totalClasses\": 120}, {\"name\": \"PROGRAMAÇÃO DE APLICATIVOS MOBILE II\", \"totalClasses\": 120}, {\"name\": \"INTERNET, PROTOCOLOS E SEGURANÇA DE SISTEMAS DA INFORMAÇÃO\", \"totalClasses\": 120}, {\"name\": \"PLANEJAMENTO E DESENVOLVIMENTO DO TCC EM DESENVOLVIMENTO DE SISTEMAS\", \"totalClasses\": 120}, {\"name\": \"QUALIDADE E TESTE DE SOFTWARE\", \"totalClasses\": 120}, {\"name\": \"SISTEMAS EMBARCADOS\", \"totalClasses\": 120}, {\"name\": \"LÍNGUA PORTUGUESA, LITERATURA E COMUNICAÇÃO PROFISSIONAL\", \"totalClasses\": 80}, {\"name\": \"LÍNGUA ESTRANGEIRA MODERNA - ESPANHOL\", \"totalClasses\": 80}]], \"lessonsPerDay\": 6}, {\"name\": \"Ensino Médio com Técnico em Informática para Internet\", \"period\": \"Matutino\", \"classTheme\": [[{\"name\": \"MATEMÁTICA\", \"totalClasses\": 120}, {\"name\": \"FÍSICA\", \"totalClasses\": 120}, {\"name\": \"BIOLOGIA\", \"totalClasses\": 120}, {\"name\": \"GEOGRAFIA\", \"totalClasses\": 80}, {\"name\": \"PROGRAMAÇÃO WEB I\", \"totalClasses\": 120}, {\"name\": \"ANÁLISE E PROJETO DE SISTEMAS\", \"totalClasses\": 120}, {\"name\": \"DESIGN DIGITAL\", \"totalClasses\": 120}, {\"name\": \"FUNDAMENTOS DA INFORMÁTICA\", \"totalClasses\": 120}, {\"name\": \"TÉCNICAS DE PROGRAMAÇÃO E ALGORITMOS\", \"totalClasses\": 120}, {\"name\": \"BANCO DE DADOS I\", \"totalClasses\": 120}, {\"name\": \"LÍNGUA PORTUGUESA, LITERATURA E COMUNICAÇÃO PROFISSIONAL\", \"totalClasses\": 120}, {\"name\": \"LÍNGUA ESTRANGEIRA MODERNA - INGLÊS E COMUNICAÇÃO PROFISSIONAL\", \"totalClasses\": 120}], [{\"name\": \"MATEMÁTICA\", \"totalClasses\": 120}, {\"name\": \"QUIMICA\", \"totalClasses\": 120}, {\"name\": \"BIOLOGIA\", \"totalClasses\": 120}, {\"name\": \"SOCIOLOGIA\", \"totalClasses\": 80}, {\"name\": \"PROGRAMAÇÃO WEB II\", \"totalClasses\": 120}, {\"name\": \"DESENVOLVIMENTO DE SISTEMAS\", \"totalClasses\": 120}, {\"name\": \"DESIGN DIGITAL\", \"totalClasses\": 120}, {\"name\": \"ÉTICA E CIDADANIA ORGANIZACIONAL\", \"totalClasses\": 120}, {\"name\": \"PROGRAMAÇÃO DE APLICATIVOS MOBILE I\", \"totalClasses\": 120}, {\"name\": \"BANCO DE DADOS II\", \"totalClasses\": 120}, {\"name\": \"LÍNGUA PORTUGUESA, LITERATURA E COMUNICAÇÃO PROFISSIONAL\", \"totalClasses\": 120}, {\"name\": \"LÍNGUA ESTRANGEIRA MODERNA - INGLÊS E COMUNICAÇÃO PROFISSIONAL\", \"totalClasses\": 120}], [{\"name\": \"MATEMÁTICA\", \"totalClasses\": 120}, {\"name\": \"FILOSOFIA\", \"totalClasses\": 120}, {\"name\": \"SOCIOLOGIA\", \"totalClasses\": 120}, {\"name\": \"GEOGRAFIA\", \"totalClasses\": 80}, {\"name\": \"PROGRAMAÇÃO WEB III\", \"totalClasses\": 120}, {\"name\": \"PROGRAMAÇÃO DE APLICATIVOS MOBILE II\", \"totalClasses\": 120}, {\"name\": \"INTERNET, PROTOCOLOS E SEGURANÇA DE SISTEMAS DA INFORMAÇÃO\", \"totalClasses\": 120}, {\"name\": \"PLANEJAMENTO E DESENVOLVIMENTO DO TCC EM DESENVOLVIMENTO DE SISTEMAS\", \"totalClasses\": 120}, {\"name\": \"QUALIDADE E TESTE DE SOFTWARE\", \"totalClasses\": 120}, {\"name\": \"SISTEMAS EMBARCADOS\", \"totalClasses\": 120}, {\"name\": \"LÍNGUA PORTUGUESA, LITERATURA E COMUNICAÇÃO PROFISSIONAL\", \"totalClasses\": 120}, {\"name\": \"LÍNGUA ESTRANGEIRA MODERNA - ESPANHOL\", \"totalClasses\": 120}]], \"lessonsPerDay\": 8}]','01833662116','Rodovia Antonio Farinasso, Km 3',0,'Aguinha',NULL,'Quatá','2022-11-09 01:24:55','2022-11-09 01:24:55','[]');
/*!40000 ALTER TABLE `institution` ENABLE KEYS */;
UNLOCK TABLES;

--
-- Table structure for table `permissions`
--

DROP TABLE IF EXISTS `permissions`;
/*!40101 SET @saved_cs_client     = @@character_set_client */;
/*!50503 SET character_set_client = utf8mb4 */;
CREATE TABLE `permissions` (
  `id` int NOT NULL AUTO_INCREMENT,
  `type` varchar(255) NOT NULL,
  `description` varchar(255) NOT NULL,
  `createdAt` datetime NOT NULL,
  `updatedAt` datetime NOT NULL,
  PRIMARY KEY (`id`)
) ENGINE=InnoDB AUTO_INCREMENT=20 DEFAULT CHARSET=utf8mb4 COLLATE=utf8mb4_0900_ai_ci;
/*!40101 SET character_set_client = @saved_cs_client */;

--
-- Dumping data for table `permissions`
--

LOCK TABLES `permissions` WRITE;
/*!40000 ALTER TABLE `permissions` DISABLE KEYS */;
INSERT INTO `permissions` VALUES (1,'ADD_USERS','Adicionar novos usuários no sistema','2022-05-22 18:51:53','2022-05-22 18:51:53'),(2,'EDIT_USERS','Editar informações dos usuários','2022-05-22 18:52:19','2022-05-22 18:52:19'),(3,'EDIT_YOUR_USER','Editar informações do seu próprio usuário','2022-05-22 18:52:42','2022-05-22 18:52:42'),(4,'INACTIVATE_USERS','Inativar usuários do sistema','2022-05-22 18:53:06','2022-05-22 18:53:06'),(5,'DELETE_USERS','Deletar usuários do sistema','2022-05-22 18:53:30','2022-05-22 18:53:30'),(6,'LIST_USERS','Listar usuários do sistema','2022-05-22 18:54:23','2022-05-22 18:54:23'),(7,'LIST_STUDENTS','Listar todos os estudantes do sistema','2022-05-22 18:54:41','2022-05-22 18:54:41'),(8,'LIST_TEACHERS','Listar todos os professores do sistema','2022-05-22 18:55:02','2022-05-22 18:55:02'),(9,'EDIT_USER_PERMISSIONS','Editar permissões de um usuário','2022-05-22 18:55:37','2022-05-22 18:55:37'),(10,'CHANGE_CLASS_STUDENT','Mover o estudante de classe caso necessário','2022-05-22 18:56:26','2022-05-22 18:56:26'),(11,'ADD_PERMISSIONS','Adicionar permissões ao sistema','2022-05-22 18:56:53','2022-05-22 18:56:53'),(12,'CREATE_INSTITUTIONS','Criar instituições no sistema','2022-05-22 18:57:13','2022-05-22 18:57:13'),(13,'EDIT_INSTITUTIONS','Editar informações das instituições do sistema','2022-05-22 18:57:34','2022-05-22 18:57:34'),(14,'EDIT_YOUR_INSTITUTION','Editar informações da instituição a qual o usuário está vinculado','2022-05-22 18:58:05','2022-05-22 18:58:05'),(15,'INACTIVATE_INSTITUTIONS','Inativar instituições do sistema','2022-05-22 18:58:27','2022-05-22 18:58:27'),(16,'DELETE_INSTITUTION','Deletar instituições do sistema','2022-05-22 18:58:53','2022-05-22 18:58:53'),(17,'ADD_CLASSES','Adicionar classes escolares ao sistema','2022-05-22 18:59:36','2022-05-22 18:59:36'),(18,'EDIT_CLASSES','Editar informações das classes','2022-05-22 18:59:53','2022-05-22 18:59:53'),(19,'DELETE_CLASSES','Deletar classes da instituição','2022-05-22 19:00:17','2022-05-22 19:00:17');
/*!40000 ALTER TABLE `permissions` ENABLE KEYS */;
UNLOCK TABLES;

--
-- Table structure for table `permissionsrole`
--

DROP TABLE IF EXISTS `permissionsrole`;
/*!40101 SET @saved_cs_client     = @@character_set_client */;
/*!50503 SET character_set_client = utf8mb4 */;
CREATE TABLE `permissionsrole` (
  `id` int NOT NULL AUTO_INCREMENT,
  `idPermission` int NOT NULL,
  `idRole` int NOT NULL,
  `createdAt` datetime NOT NULL,
  `updatedAt` datetime NOT NULL,
  PRIMARY KEY (`id`),
  KEY `permissionsrole_ibfk_1` (`idPermission`),
  KEY `permissionsrole_ibfk_2` (`idRole`),
  CONSTRAINT `permissionsrole_ibfk_1` FOREIGN KEY (`idPermission`) REFERENCES `permissions` (`id`) ON DELETE CASCADE ON UPDATE CASCADE,
  CONSTRAINT `permissionsrole_ibfk_2` FOREIGN KEY (`idRole`) REFERENCES `roles` (`id`) ON DELETE CASCADE ON UPDATE CASCADE
) ENGINE=InnoDB AUTO_INCREMENT=53 DEFAULT CHARSET=utf8mb4 COLLATE=utf8mb4_0900_ai_ci;
/*!40101 SET character_set_client = @saved_cs_client */;

--
-- Dumping data for table `permissionsrole`
--

LOCK TABLES `permissionsrole` WRITE;
/*!40000 ALTER TABLE `permissionsrole` DISABLE KEYS */;
INSERT INTO `permissionsrole` VALUES (2,1,1,'2022-07-12 15:12:05','2022-07-12 15:12:05'),(3,2,1,'2022-07-12 15:12:14','2022-07-12 15:12:14'),(4,3,1,'2022-07-12 15:12:18','2022-07-12 15:12:18'),(5,4,1,'2022-07-12 15:12:20','2022-07-12 15:12:20'),(6,5,1,'2022-07-12 15:12:23','2022-07-12 15:12:23'),(7,6,1,'2022-07-12 15:12:26','2022-07-12 15:12:26'),(8,7,1,'2022-07-12 15:12:29','2022-07-12 15:12:29'),(9,8,1,'2022-07-12 15:12:31','2022-07-12 15:12:31'),(10,9,1,'2022-07-12 15:12:34','2022-07-12 15:12:34'),(11,10,1,'2022-07-12 15:12:37','2022-07-12 15:12:37'),(12,11,1,'2022-07-12 15:12:40','2022-07-12 15:12:40'),(13,12,1,'2022-07-12 15:12:46','2022-07-12 15:12:46'),(14,13,1,'2022-07-12 15:12:49','2022-07-12 15:12:49'),(15,14,1,'2022-07-12 15:12:51','2022-07-12 15:12:51'),(16,15,1,'2022-07-12 15:12:53','2022-07-12 15:12:53'),(17,16,1,'2022-07-12 15:12:56','2022-07-12 15:12:56'),(18,17,1,'2022-07-12 15:12:58','2022-07-12 15:12:58'),(19,18,1,'2022-07-12 15:13:01','2022-07-12 15:13:01'),(20,19,1,'2022-07-12 15:13:04','2022-07-12 15:13:04'),(21,1,2,'2022-07-12 16:14:26','2022-07-12 16:14:26'),(22,2,2,'2022-07-12 16:14:33','2022-07-12 16:14:33'),(23,3,2,'2022-07-12 16:14:36','2022-07-12 16:14:36'),(24,4,2,'2022-07-12 16:14:39','2022-07-12 16:14:39'),(25,5,2,'2022-07-12 16:14:44','2022-07-12 16:14:44'),(26,6,2,'2022-07-12 16:14:47','2022-07-12 16:14:47'),(27,7,2,'2022-07-12 16:14:50','2022-07-12 16:14:50'),(28,8,2,'2022-07-12 16:14:52','2022-07-12 16:14:52'),(29,10,2,'2022-07-12 16:14:57','2022-07-12 16:14:57'),(30,14,2,'2022-07-12 16:15:03','2022-07-12 16:15:03'),(31,17,2,'2022-07-12 16:15:06','2022-07-12 16:15:06'),(32,18,2,'2022-07-12 16:15:09','2022-07-12 16:15:09'),(33,19,2,'2022-07-12 16:15:12','2022-07-12 16:15:12'),(34,1,3,'2022-07-12 16:23:10','2022-07-12 16:23:10'),(35,2,3,'2022-07-12 16:23:12','2022-07-12 16:23:12'),(36,3,3,'2022-07-12 16:23:15','2022-07-12 16:23:15'),(37,4,3,'2022-07-12 16:23:17','2022-07-12 16:23:17'),(38,5,3,'2022-07-12 16:23:20','2022-07-12 16:23:20'),(39,6,3,'2022-07-12 16:23:23','2022-07-12 16:23:23'),(40,7,3,'2022-07-12 16:23:25','2022-07-12 16:23:25'),(41,8,3,'2022-07-12 16:23:33','2022-07-12 16:23:33'),(42,10,3,'2022-07-12 16:23:45','2022-07-12 16:23:45'),(43,17,3,'2022-07-12 16:23:48','2022-07-12 16:23:48'),(44,18,3,'2022-07-12 16:23:50','2022-07-12 16:23:50'),(45,19,3,'2022-07-12 16:23:53','2022-07-12 16:23:53'),(46,3,4,'2022-07-12 16:25:27','2022-07-12 16:25:27'),(47,6,4,'2022-07-12 16:25:34','2022-07-12 16:25:34'),(48,7,4,'2022-07-12 16:25:37','2022-07-12 16:25:37'),(49,8,4,'2022-07-12 16:25:45','2022-07-12 16:25:45'),(50,3,5,'2022-07-12 16:26:19','2022-07-12 16:26:19'),(51,8,5,'2022-07-12 16:26:49','2022-07-12 16:26:49'),(52,8,6,'2022-07-12 16:27:51','2022-07-12 16:27:51');
/*!40000 ALTER TABLE `permissionsrole` ENABLE KEYS */;
UNLOCK TABLES;

--
-- Table structure for table `ptds`
--

DROP TABLE IF EXISTS `ptds`;
/*!40101 SET @saved_cs_client     = @@character_set_client */;
/*!50503 SET character_set_client = utf8mb4 */;
CREATE TABLE `ptds` (
  `id` int NOT NULL AUTO_INCREMENT,
  `idClass` int NOT NULL,
  `idTeacher` int NOT NULL,
  `classTheme` varchar(255) NOT NULL,
  `schoolYear` int NOT NULL,
  `semester` int NOT NULL,
  `fileKey` varchar(255) NOT NULL,
  `createdAt` datetime DEFAULT NULL,
  `updatedAt` datetime DEFAULT NULL,
  PRIMARY KEY (`id`),
  KEY `idClass` (`idClass`),
  KEY `idTeacher` (`idTeacher`),
  CONSTRAINT `ptds_ibfk_1` FOREIGN KEY (`idClass`) REFERENCES `class` (`id`) ON DELETE CASCADE ON UPDATE CASCADE,
  CONSTRAINT `ptds_ibfk_2` FOREIGN KEY (`idTeacher`) REFERENCES `teachers` (`id`) ON DELETE CASCADE ON UPDATE CASCADE
) ENGINE=InnoDB DEFAULT CHARSET=utf8mb4 COLLATE=utf8mb4_0900_ai_ci;
/*!40101 SET character_set_client = @saved_cs_client */;

--
-- Dumping data for table `ptds`
--

LOCK TABLES `ptds` WRITE;
/*!40000 ALTER TABLE `ptds` DISABLE KEYS */;
/*!40000 ALTER TABLE `ptds` ENABLE KEYS */;
UNLOCK TABLES;

--
-- Table structure for table `roles`
--

DROP TABLE IF EXISTS `roles`;
/*!40101 SET @saved_cs_client     = @@character_set_client */;
/*!50503 SET character_set_client = utf8mb4 */;
CREATE TABLE `roles` (
  `id` int NOT NULL AUTO_INCREMENT,
  `slug` varchar(255) NOT NULL,
  `name` varchar(255) NOT NULL,
  `description` varchar(255) NOT NULL,
  `createdAt` datetime NOT NULL,
  `updatedAt` datetime NOT NULL,
  PRIMARY KEY (`id`)
) ENGINE=InnoDB AUTO_INCREMENT=8 DEFAULT CHARSET=utf8mb4 COLLATE=utf8mb4_0900_ai_ci;
/*!40101 SET character_set_client = @saved_cs_client */;

--
-- Dumping data for table `roles`
--

LOCK TABLES `roles` WRITE;
/*!40000 ALTER TABLE `roles` DISABLE KEYS */;
INSERT INTO `roles` VALUES (1,'admin','Admin','Administrador','2022-07-12 14:57:53','2022-07-12 14:57:53'),(2,'principal','Diretor','Diretor da instituição','2022-07-12 14:58:57','2022-07-12 14:58:57'),(3,'coordinator','Coordenador','Coordenador da instituição','2022-07-12 15:00:17','2022-07-12 15:00:17'),(4,'teacher','Professor','Professor da instituição','2022-07-12 15:01:31','2022-07-12 15:01:31'),(5,'parent','Pais','Pais','2022-07-12 15:01:56','2022-07-12 15:01:56'),(6,'student','Estudante','Estudante','2022-07-12 15:02:19','2022-07-12 15:02:19');
/*!40000 ALTER TABLE `roles` ENABLE KEYS */;
UNLOCK TABLES;

--
-- Table structure for table `schoolcalls`
--

DROP TABLE IF EXISTS `schoolcalls`;
/*!40101 SET @saved_cs_client     = @@character_set_client */;
/*!50503 SET character_set_client = utf8mb4 */;
CREATE TABLE `schoolcalls` (
  `id` int NOT NULL AUTO_INCREMENT,
  `idTeacher` int NOT NULL,
  `idClass` int NOT NULL,
  `classTheme` varchar(255) NOT NULL,
  `date` datetime NOT NULL,
  `description` varchar(255) NOT NULL,
  `absents` json NOT NULL,
  `createdAt` datetime DEFAULT NULL,
  `updatedAt` datetime DEFAULT NULL,
  `gang` varchar(255) NOT NULL,
  `bimester` int NOT NULL,
  PRIMARY KEY (`id`),
  KEY `idUser` (`idTeacher`),
  KEY `idClass` (`idClass`),
  CONSTRAINT `schoolcalls_ibfk_1` FOREIGN KEY (`idClass`) REFERENCES `class` (`id`) ON DELETE CASCADE ON UPDATE CASCADE,
  CONSTRAINT `schoolcalls_ibfk_2` FOREIGN KEY (`idTeacher`) REFERENCES `teachers` (`id`) ON DELETE CASCADE ON UPDATE CASCADE
) ENGINE=InnoDB AUTO_INCREMENT=3 DEFAULT CHARSET=utf8mb4 COLLATE=utf8mb4_0900_ai_ci;
/*!40101 SET character_set_client = @saved_cs_client */;

--
-- Dumping data for table `schoolcalls`
--

LOCK TABLES `schoolcalls` WRITE;
/*!40000 ALTER TABLE `schoolcalls` DISABLE KEYS */;
INSERT INTO `schoolcalls` VALUES (1,7,9,'QUALIDADE E TESTE DE SOFTWARE','2022-11-09 03:00:00','Aula explicando sobre a técnica Scrum e quais suas vantagens frente as demais','[{\"absence\": 1, \"justification\": \"\", \"idStudentClasses\": 1}, {\"absence\": 1, \"justification\": \"\", \"idStudentClasses\": 7}, {\"absence\": 1, \"justification\": \"\", \"idStudentClasses\": 8}]','2022-11-09 21:31:50','2022-11-09 21:31:50','B',4),(2,7,9,'PLANEJAMENTO E DESENVOLVIMENTO DO TCC EM DESENVOLVIMENTO DE SISTEMAS','2022-11-09 03:00:00','Desenvolvimento do TCC escrito e prático - partes finais','[{\"absence\": 1, \"justification\": \"\", \"idStudentClasses\": 4}, {\"absence\": 1, \"justification\": \"\", \"idStudentClasses\": 11}, {\"absence\": 1, \"justification\": \"\", \"idStudentClasses\": 12}, {\"absence\": 1, \"justification\": \"\", \"idStudentClasses\": 15}]','2022-11-09 21:32:44','2022-11-09 21:32:44','',4);
/*!40000 ALTER TABLE `schoolcalls` ENABLE KEYS */;
UNLOCK TABLES;

--
-- Table structure for table `sequelizemeta`
--

DROP TABLE IF EXISTS `sequelizemeta`;
/*!40101 SET @saved_cs_client     = @@character_set_client */;
/*!50503 SET character_set_client = utf8mb4 */;
CREATE TABLE `sequelizemeta` (
  `name` varchar(255) CHARACTER SET utf8 COLLATE utf8_unicode_ci NOT NULL,
  PRIMARY KEY (`name`),
  UNIQUE KEY `name` (`name`)
) ENGINE=InnoDB DEFAULT CHARSET=utf8mb3 COLLATE=utf8_unicode_ci;
/*!40101 SET character_set_client = @saved_cs_client */;

--
-- Dumping data for table `sequelizemeta`
--

LOCK TABLES `sequelizemeta` WRITE;
/*!40000 ALTER TABLE `sequelizemeta` DISABLE KEYS */;
INSERT INTO `sequelizemeta` VALUES ('20220508184724-update-foreignKeys-for-delete-cascade.js'),('20220513133823-remove-foreign-key-in-students.js'),('20220515013502-add-new-column-to-users-table.js'),('20220519120858-new-pivot-table-studentClasses.js'),('20220521164121-move-frequencyColumn-to-studentClasses.js'),('20220529145145-new-table-schoolCalls.js'),('20220603101827-ajustment-in-evaluation-table.js'),('20220605180151-add-column-gang-in-schoolcall.js'),('20220618165532-edit-tables-to-integrate-bulletin.js'),('20220622114657-new-columns-in-bulletin.js'),('20220711141124-delete-userpermissions-and-add-roles-and-permissionsroles-table.js'),('20220714170828-edit-evaluations-and-bulletin-tables.js'),('20220721142728-rename-column-in-school-calls.js');
/*!40000 ALTER TABLE `sequelizemeta` ENABLE KEYS */;
UNLOCK TABLES;

--
-- Table structure for table `studentclasses`
--

DROP TABLE IF EXISTS `studentclasses`;
/*!40101 SET @saved_cs_client     = @@character_set_client */;
/*!50503 SET character_set_client = utf8mb4 */;
CREATE TABLE `studentclasses` (
  `id` int NOT NULL AUTO_INCREMENT,
  `idStudent` int NOT NULL,
  `idClass` int NOT NULL,
  `gang` varchar(255) NOT NULL,
  `createdAt` datetime NOT NULL,
  `updatedAt` datetime NOT NULL,
  PRIMARY KEY (`id`),
  KEY `idStudent` (`idStudent`),
  KEY `idClass` (`idClass`),
  CONSTRAINT `studentclasses_ibfk_1` FOREIGN KEY (`idStudent`) REFERENCES `students` (`id`) ON DELETE CASCADE ON UPDATE CASCADE,
  CONSTRAINT `studentclasses_ibfk_2` FOREIGN KEY (`idClass`) REFERENCES `class` (`id`) ON DELETE CASCADE ON UPDATE CASCADE
) ENGINE=InnoDB AUTO_INCREMENT=18 DEFAULT CHARSET=utf8mb4 COLLATE=utf8mb4_0900_ai_ci;
/*!40101 SET character_set_client = @saved_cs_client */;

--
-- Dumping data for table `studentclasses`
--

LOCK TABLES `studentclasses` WRITE;
/*!40000 ALTER TABLE `studentclasses` DISABLE KEYS */;
INSERT INTO `studentclasses` VALUES (1,1,9,'B','2022-11-09 17:07:43','2022-11-09 21:20:31'),(2,2,9,'A','2022-11-09 17:13:53','2022-11-09 21:20:30'),(3,3,9,'B','2022-11-09 17:19:37','2022-11-09 21:20:32'),(4,4,9,'A','2022-11-09 17:23:03','2022-11-09 21:20:31'),(5,5,9,'A','2022-11-09 17:25:54','2022-11-09 21:20:30'),(6,6,9,'A','2022-11-09 17:28:32','2022-11-09 21:20:31'),(7,7,9,'B','2022-11-09 17:31:53','2022-11-09 21:20:32'),(8,8,9,'B','2022-11-09 17:36:00','2022-11-09 21:20:32'),(9,9,9,'A','2022-11-09 17:51:18','2022-11-09 21:20:31'),(10,10,9,'A','2022-11-09 17:54:00','2022-11-09 21:20:31'),(11,11,9,'B','2022-11-09 17:57:26','2022-11-09 21:20:32'),(12,12,9,'B','2022-11-09 18:00:11','2022-11-09 21:20:32'),(13,13,9,'B','2022-11-09 18:03:30','2022-11-09 21:20:32'),(14,14,9,'A','2022-11-09 18:05:57','2022-11-09 21:20:31'),(15,15,9,'B','2022-11-09 18:09:18','2022-11-09 21:20:33'),(16,16,9,'A','2022-11-09 18:11:34','2022-11-09 21:20:30'),(17,17,9,'B','2022-11-09 18:13:31','2022-11-09 21:20:31');
/*!40000 ALTER TABLE `studentclasses` ENABLE KEYS */;
UNLOCK TABLES;

--
-- Table structure for table `students`
--

DROP TABLE IF EXISTS `students`;
/*!40101 SET @saved_cs_client     = @@character_set_client */;
/*!50503 SET character_set_client = utf8mb4 */;
CREATE TABLE `students` (
  `id` int NOT NULL AUTO_INCREMENT,
  `idUser` int NOT NULL,
  `ra` varchar(255) NOT NULL,
  `schoolYear` int NOT NULL,
  `situation` varchar(255) NOT NULL,
  `createdAt` datetime NOT NULL,
  `updatedAt` datetime NOT NULL,
  PRIMARY KEY (`id`),
  UNIQUE KEY `ra` (`ra`),
  KEY `Students_fk0` (`idUser`) USING BTREE,
  CONSTRAINT `students_ibfk_1` FOREIGN KEY (`idUser`) REFERENCES `users` (`id`) ON DELETE CASCADE ON UPDATE CASCADE
) ENGINE=InnoDB AUTO_INCREMENT=18 DEFAULT CHARSET=utf8mb4 COLLATE=utf8mb4_0900_ai_ci;
/*!40101 SET character_set_client = @saved_cs_client */;

--
-- Dumping data for table `students`
--

LOCK TABLES `students` WRITE;
/*!40000 ALTER TABLE `students` DISABLE KEYS */;
INSERT INTO `students` VALUES (1,12,'426',3,'Cursando','2022-11-09 17:07:43','2022-11-09 17:07:43'),(2,13,'730',3,'Cursando','2022-11-09 17:13:53','2022-11-09 17:13:53'),(3,14,'178',3,'Cursando','2022-11-09 17:19:37','2022-11-09 17:19:37'),(4,16,'881',3,'Cursando','2022-11-09 17:23:03','2022-11-09 17:23:03'),(5,17,'309',3,'Cursando','2022-11-09 17:25:54','2022-11-09 17:25:54'),(6,18,'130',3,'Cursando','2022-11-09 17:28:32','2022-11-09 17:28:32'),(7,19,'867',3,'Cursando','2022-11-09 17:31:53','2022-11-09 17:31:53'),(8,26,'96',3,'Cursando','2022-11-09 17:36:00','2022-11-09 17:36:00'),(9,27,'777',3,'Cursando','2022-11-09 17:51:18','2022-11-09 17:51:18'),(10,28,'165',3,'Cursando','2022-11-09 17:54:00','2022-11-09 17:54:00'),(11,29,'254',3,'Cursando','2022-11-09 17:57:26','2022-11-09 17:57:26'),(12,30,'941',3,'Cursando','2022-11-09 18:00:11','2022-11-09 18:00:11'),(13,31,'458',3,'Cursando','2022-11-09 18:03:30','2022-11-09 18:03:30'),(14,32,'835',3,'Cursando','2022-11-09 18:05:57','2022-11-09 18:05:57'),(15,33,'821',3,'Cursando','2022-11-09 18:09:18','2022-11-09 18:09:18'),(16,34,'649',3,'Cursando','2022-11-09 18:11:34','2022-11-09 18:11:34'),(17,35,'510',3,'Cursando','2022-11-09 18:13:31','2022-11-09 18:13:31');
/*!40000 ALTER TABLE `students` ENABLE KEYS */;
UNLOCK TABLES;

--
-- Table structure for table `teacherClasses`
--

DROP TABLE IF EXISTS `teacherClasses`;
/*!40101 SET @saved_cs_client     = @@character_set_client */;
/*!50503 SET character_set_client = utf8mb4 */;
CREATE TABLE `teacherClasses` (
  `id` int NOT NULL AUTO_INCREMENT,
  `idTeacher` int NOT NULL,
  `idClass` int NOT NULL,
  `gang` varchar(255) DEFAULT NULL,
  `classTheme` varchar(255) NOT NULL,
  `createdAt` datetime NOT NULL,
  `updatedAt` datetime NOT NULL,
  PRIMARY KEY (`id`),
  KEY `teacherClasses_ibfk_2` (`idClass`),
  KEY `teacherClasses_ibfk_1` (`idTeacher`),
  CONSTRAINT `teacherClasses_ibfk_1` FOREIGN KEY (`idTeacher`) REFERENCES `teachers` (`id`) ON DELETE CASCADE ON UPDATE CASCADE,
  CONSTRAINT `teacherClasses_ibfk_2` FOREIGN KEY (`idClass`) REFERENCES `class` (`id`) ON DELETE CASCADE ON UPDATE CASCADE
) ENGINE=InnoDB AUTO_INCREMENT=162 DEFAULT CHARSET=utf8mb4 COLLATE=utf8mb4_0900_ai_ci;
/*!40101 SET character_set_client = @saved_cs_client */;

--
-- Dumping data for table `teacherClasses`
--

LOCK TABLES `teacherClasses` WRITE;
/*!40000 ALTER TABLE `teacherClasses` DISABLE KEYS */;
INSERT INTO `teacherClasses` VALUES (1,2,1,'','MATEMÁTICA','2022-11-09 12:51:27','2022-11-09 12:51:27'),(2,2,2,'','MATEMÁTICA','2022-11-09 12:52:25','2022-11-09 12:52:25'),(3,2,3,'','MATEMÁTICA','2022-11-09 12:52:29','2022-11-09 12:52:29'),(4,2,4,'','MATEMÁTICA','2022-11-09 12:52:33','2022-11-09 12:52:33'),(5,2,5,'','MATEMÁTICA','2022-11-09 12:52:37','2022-11-09 12:52:37'),(6,2,6,'','MATEMÁTICA','2022-11-09 12:52:40','2022-11-09 12:52:40'),(7,2,7,'','MATEMÁTICA','2022-11-09 12:52:43','2022-11-09 12:52:43'),(8,2,8,'','MATEMÁTICA','2022-11-09 12:52:46','2022-11-09 12:52:46'),(9,2,9,'','MATEMÁTICA','2022-11-09 12:52:49','2022-11-09 12:52:49'),(10,2,10,'','MATEMÁTICA','2022-11-09 12:52:54','2022-11-09 12:52:54'),(11,2,11,'','MATEMÁTICA','2022-11-09 12:52:58','2022-11-09 12:52:58'),(12,2,12,'','MATEMÁTICA','2022-11-09 12:53:02','2022-11-09 12:53:02'),(13,1,1,'','LÍNGUA PORTUGUESA, LITERATURA E COMUNICAÇÃO PROFISSIONAL','2022-11-09 12:55:28','2022-11-09 12:55:28'),(14,1,2,'','LÍNGUA PORTUGUESA, LITERATURA E COMUNICAÇÃO PROFISSIONAL','2022-11-09 12:56:13','2022-11-09 12:56:13'),(15,1,4,'','LÍNGUA PORTUGUESA, LITERATURA E COMUNICAÇÃO PROFISSIONAL','2022-11-09 12:56:20','2022-11-09 12:56:20'),(16,1,5,'','LÍNGUA PORTUGUESA, LITERATURA E COMUNICAÇÃO PROFISSIONAL','2022-11-09 12:56:29','2022-11-09 12:56:29'),(17,1,7,'','LÍNGUA PORTUGUESA, LITERATURA E COMUNICAÇÃO PROFISSIONAL','2022-11-09 12:56:35','2022-11-09 12:56:35'),(18,1,8,'','LÍNGUA PORTUGUESA, LITERATURA E COMUNICAÇÃO PROFISSIONAL','2022-11-09 12:56:38','2022-11-09 12:56:38'),(19,1,10,'','LÍNGUA PORTUGUESA, LITERATURA E COMUNICAÇÃO PROFISSIONAL','2022-11-09 12:56:45','2022-11-09 12:56:45'),(20,1,11,'','LÍNGUA PORTUGUESA, LITERATURA E COMUNICAÇÃO PROFISSIONAL','2022-11-09 12:56:48','2022-11-09 12:56:48'),(21,5,3,'','LÍNGUA PORTUGUESA, LITERATURA E COMUNICAÇÃO PROFISSIONAL','2022-11-09 12:57:12','2022-11-09 12:57:12'),(22,5,6,'','LÍNGUA PORTUGUESA, LITERATURA E COMUNICAÇÃO PROFISSIONAL','2022-11-09 12:57:15','2022-11-09 12:57:15'),(23,5,9,'','LÍNGUA PORTUGUESA, LITERATURA E COMUNICAÇÃO PROFISSIONAL','2022-11-09 12:57:28','2022-11-09 12:57:28'),(24,5,12,'','LÍNGUA PORTUGUESA, LITERATURA E COMUNICAÇÃO PROFISSIONAL','2022-11-09 12:57:44','2022-11-09 12:57:44'),(25,5,1,'','BIOLOGIA','2022-11-09 12:59:25','2022-11-09 12:59:25'),(26,5,2,'','BIOLOGIA','2022-11-09 12:59:28','2022-11-09 12:59:28'),(27,5,3,'','BIOLOGIA','2022-11-09 12:59:31','2022-11-09 12:59:31'),(28,5,4,'','BIOLOGIA','2022-11-09 13:00:03','2022-11-09 13:00:03'),(29,5,5,'','BIOLOGIA','2022-11-09 13:00:07','2022-11-09 13:00:07'),(30,5,6,'','BIOLOGIA','2022-11-09 13:00:10','2022-11-09 13:00:10'),(31,5,7,'','BIOLOGIA','2022-11-09 13:00:48','2022-11-09 13:00:48'),(32,5,8,'','BIOLOGIA','2022-11-09 13:00:52','2022-11-09 13:00:52'),(33,5,10,'','BIOLOGIA','2022-11-09 13:01:16','2022-11-09 13:01:16'),(34,5,11,'','BIOLOGIA','2022-11-09 13:01:19','2022-11-09 13:01:19'),(35,6,3,'','SOCIOLOGIA','2022-11-09 13:02:44','2022-11-09 13:02:44'),(36,6,8,'','SOCIOLOGIA','2022-11-09 13:04:03','2022-11-09 13:04:03'),(37,6,9,'','SOCIOLOGIA','2022-11-09 13:04:07','2022-11-09 13:04:07'),(38,6,11,'','SOCIOLOGIA','2022-11-09 13:04:23','2022-11-09 13:04:23'),(39,6,12,'','SOCIOLOGIA','2022-11-09 13:04:27','2022-11-09 13:04:27'),(40,10,1,'','EDUCAÇÃO FÍSICA','2022-11-09 13:05:49','2022-11-09 13:05:49'),(41,10,2,'','EDUCAÇÃO FÍSICA','2022-11-09 13:05:52','2022-11-09 13:05:52'),(42,9,1,'','ARTE','2022-11-09 13:08:21','2022-11-09 13:08:21'),(43,9,2,'','ARTE','2022-11-09 13:08:25','2022-11-09 13:08:25'),(44,9,1,'','LÍNGUA ESTRANGEIRA MODERNA - INGLÊS E COMUNICAÇÃO PROFISSIONAL','2022-11-09 13:11:02','2022-11-09 13:11:02'),(45,9,2,'','LÍNGUA ESTRANGEIRA MODERNA - INGLÊS E COMUNICAÇÃO PROFISSIONAL','2022-11-09 13:11:05','2022-11-09 13:11:05'),(46,9,3,'','LÍNGUA ESTRANGEIRA MODERNA - INGLÊS E COMUNICAÇÃO PROFISSIONAL','2022-11-09 13:11:08','2022-11-09 13:11:08'),(47,9,4,'','LÍNGUA ESTRANGEIRA MODERNA - INGLÊS E COMUNICAÇÃO PROFISSIONAL','2022-11-09 13:11:11','2022-11-09 13:11:11'),(48,9,5,'','LÍNGUA ESTRANGEIRA MODERNA - INGLÊS E COMUNICAÇÃO PROFISSIONAL','2022-11-09 13:11:14','2022-11-09 13:11:14'),(49,9,6,'','LÍNGUA ESTRANGEIRA MODERNA - INGLÊS E COMUNICAÇÃO PROFISSIONAL','2022-11-09 13:11:17','2022-11-09 13:11:17'),(50,9,7,'','LÍNGUA ESTRANGEIRA MODERNA - INGLÊS E COMUNICAÇÃO PROFISSIONAL','2022-11-09 13:11:20','2022-11-09 13:11:20'),(51,9,8,'','LÍNGUA ESTRANGEIRA MODERNA - INGLÊS E COMUNICAÇÃO PROFISSIONAL','2022-11-09 13:11:24','2022-11-09 13:11:24'),(52,9,10,'','LÍNGUA ESTRANGEIRA MODERNA - INGLÊS E COMUNICAÇÃO PROFISSIONAL','2022-11-09 13:11:30','2022-11-09 13:11:30'),(53,9,11,'','LÍNGUA ESTRANGEIRA MODERNA - INGLÊS E COMUNICAÇÃO PROFISSIONAL','2022-11-09 13:11:34','2022-11-09 13:11:34'),(54,3,1,'','QUÍMICA','2022-11-09 13:16:13','2022-11-09 13:16:13'),(55,3,2,'','QUÍMICA','2022-11-09 13:16:16','2022-11-09 13:16:16'),(56,3,3,'','QUÍMICA','2022-11-09 13:16:19','2022-11-09 13:16:19'),(57,3,4,'','QUÍMICA','2022-11-09 13:16:22','2022-11-09 13:16:22'),(58,3,5,'','QUÍMICA','2022-11-09 13:16:25','2022-11-09 13:16:25'),(59,3,6,'','QUÍMICA','2022-11-09 13:16:28','2022-11-09 13:16:28'),(60,3,8,'','QUÍMICA','2022-11-09 13:16:34','2022-11-09 13:16:34'),(61,3,11,'','QUÍMICA','2022-11-09 13:16:38','2022-11-09 13:16:38'),(62,3,1,'','GEOGRAFIA','2022-11-09 13:17:47','2022-11-09 13:17:47'),(63,3,4,'','GEOGRAFIA','2022-11-09 13:17:50','2022-11-09 13:17:50'),(64,3,5,'','GEOGRAFIA','2022-11-09 13:17:52','2022-11-09 13:17:52'),(65,3,6,'','GEOGRAFIA','2022-11-09 13:17:55','2022-11-09 13:17:55'),(66,3,7,'','GEOGRAFIA','2022-11-09 13:19:26','2022-11-09 13:19:26'),(67,3,9,'','GEOGRAFIA','2022-11-09 13:19:28','2022-11-09 13:19:28'),(68,3,10,'','GEOGRAFIA','2022-11-09 13:19:34','2022-11-09 13:19:34'),(69,3,12,'','GEOGRAFIA','2022-11-09 13:19:37','2022-11-09 13:19:37'),(70,1,3,'','FILOSOFIA','2022-11-09 13:21:02','2022-11-09 13:21:02'),(71,1,3,'','HISTÓRIA','2022-11-09 13:21:11','2022-11-09 13:21:11'),(72,1,1,'','HISTÓRIA','2022-11-09 13:21:16','2022-11-09 13:21:16'),(73,1,2,'','HISTÓRIA','2022-11-09 13:21:29','2022-11-09 13:21:29'),(74,1,4,'','HISTÓRIA','2022-11-09 13:21:58','2022-11-09 13:21:58'),(75,1,5,'','HISTÓRIA','2022-11-09 13:22:01','2022-11-09 13:22:01'),(76,1,6,'','HISTÓRIA','2022-11-09 13:22:04','2022-11-09 13:22:04'),(77,1,8,'','ÉTICA E CIDADANIA ORGANIZACIONAL','2022-11-09 13:23:16','2022-11-09 13:23:16'),(78,1,11,'','ÉTICA E CIDADANIA ORGANIZACIONAL','2022-11-09 13:23:22','2022-11-09 13:23:22'),(79,1,9,'','FILOSOFIA','2022-11-09 13:23:38','2022-11-09 13:23:38'),(80,1,12,'','FILOSOFIA','2022-11-09 13:23:41','2022-11-09 13:23:41'),(81,2,1,'','FÍSICA','2022-11-09 13:25:40','2022-11-09 13:25:40'),(82,2,2,'','FÍSICA','2022-11-09 13:25:44','2022-11-09 13:25:44'),(83,2,3,'','FÍSICA','2022-11-09 13:25:47','2022-11-09 13:25:47'),(84,2,4,'','FÍSICA','2022-11-09 13:25:50','2022-11-09 13:25:50'),(85,2,5,'','FÍSICA','2022-11-09 13:25:53','2022-11-09 13:25:53'),(86,2,6,'','FÍSICA','2022-11-09 13:25:57','2022-11-09 13:25:57'),(87,2,7,'','FÍSICA','2022-11-09 13:26:01','2022-11-09 13:26:01'),(88,2,10,'','FÍSICA','2022-11-09 13:26:05','2022-11-09 13:26:05'),(89,9,2,'','LÍNGUA ESTRANGEIRA MODERNA - ESPANHOL','2022-11-09 13:29:22','2022-11-09 13:29:22'),(90,9,3,'','LÍNGUA ESTRANGEIRA MODERNA - ESPANHOL','2022-11-09 13:29:28','2022-11-09 13:29:28'),(91,9,4,'','LÍNGUA ESTRANGEIRA MODERNA - ESPANHOL','2022-11-09 13:29:31','2022-11-09 13:29:31'),(92,9,5,'','LÍNGUA ESTRANGEIRA MODERNA - ESPANHOL','2022-11-09 13:29:35','2022-11-09 13:29:35'),(93,9,6,'','LÍNGUA ESTRANGEIRA MODERNA - ESPANHOL','2022-11-09 13:29:38','2022-11-09 13:29:38'),(94,9,9,'','LÍNGUA ESTRANGEIRA MODERNA - ESPANHOL','2022-11-09 13:29:48','2022-11-09 13:29:48'),(95,9,12,'','LÍNGUA ESTRANGEIRA MODERNA - ESPANHOL','2022-11-09 13:29:52','2022-11-09 13:29:52'),(96,8,7,'A','PROGRAMAÇÃO WEB I','2022-11-09 13:38:00','2022-11-09 13:38:00'),(97,8,10,'A','PROGRAMAÇÃO WEB I','2022-11-09 13:38:13','2022-11-09 13:38:13'),(98,8,7,'A','DESIGN DIGITAL','2022-11-09 13:38:33','2022-11-09 13:38:33'),(99,8,10,'A','DESIGN DIGITAL','2022-11-09 13:38:37','2022-11-09 13:38:37'),(100,8,8,'A','PROGRAMAÇÃO WEB II','2022-11-09 13:39:35','2022-11-09 13:39:35'),(101,8,8,'B','PROGRAMAÇÃO WEB II','2022-11-09 13:39:41','2022-11-09 13:39:41'),(102,8,11,'B','PROGRAMAÇÃO WEB II','2022-11-09 13:40:02','2022-11-09 13:40:02'),(103,8,11,'A','PROGRAMAÇÃO WEB II','2022-11-09 13:40:07','2022-11-09 13:40:07'),(104,8,7,'B','PROGRAMAÇÃO WEB I','2022-11-09 13:40:30','2022-11-09 13:40:30'),(105,8,10,'B','PROGRAMAÇÃO WEB I','2022-11-09 13:40:39','2022-11-09 13:40:39'),(106,8,10,'B','DESIGN DIGITAL','2022-11-09 13:40:47','2022-11-09 13:40:47'),(107,8,7,'B','DESIGN DIGITAL','2022-11-09 13:40:50','2022-11-09 13:40:50'),(108,7,7,'A','BANCO DE DADOS I','2022-11-09 13:41:43','2022-11-09 13:41:43'),(109,7,7,'B','BANCO DE DADOS I','2022-11-09 13:41:49','2022-11-09 13:41:49'),(110,7,10,'B','BANCO DE DADOS I','2022-11-09 13:41:52','2022-11-09 13:41:52'),(111,7,10,'A','BANCO DE DADOS I','2022-11-09 13:41:59','2022-11-09 13:41:59'),(112,7,8,'A','BANCO DE DADOS II','2022-11-09 13:42:15','2022-11-09 13:42:15'),(113,7,8,'B','BANCO DE DADOS II','2022-11-09 13:42:19','2022-11-09 13:42:19'),(114,7,11,'B','BANCO DE DADOS II','2022-11-09 13:42:26','2022-11-09 13:42:26'),(115,7,11,'A','BANCO DE DADOS II','2022-11-09 13:42:34','2022-11-09 13:42:34'),(116,7,9,'A','QUALIDADE E TESTE DE SOFTWARE','2022-11-09 13:43:11','2022-11-09 13:43:11'),(117,7,9,'B','QUALIDADE E TESTE DE SOFTWARE','2022-11-09 13:43:15','2022-11-09 13:43:15'),(118,7,12,'B','QUALIDADE E TESTE DE SOFTWARE','2022-11-09 13:43:22','2022-11-09 13:43:22'),(119,7,12,'A','QUALIDADE E TESTE DE SOFTWARE','2022-11-09 13:43:26','2022-11-09 13:43:26'),(120,7,9,'','PLANEJAMENTO E DESENVOLVIMENTO DO TCC EM DESENVOLVIMENTO DE SISTEMAS','2022-11-09 13:44:26','2022-11-09 13:44:26'),(121,4,12,'','PLANEJAMENTO E DESENVOLVIMENTO DO TCC EM DESENVOLVIMENTO DE SISTEMAS','2022-11-09 13:44:46','2022-11-09 13:44:46'),(122,4,12,'A','PROGRAMAÇÃO DE APLICATIVOS MOBILE II','2022-11-09 13:46:04','2022-11-09 13:46:04'),(123,8,12,'B','PROGRAMAÇÃO DE APLICATIVOS MOBILE II','2022-11-09 13:46:20','2022-11-09 13:46:20'),(124,8,9,'A','PROGRAMAÇÃO DE APLICATIVOS MOBILE II','2022-11-09 13:46:38','2022-11-09 13:46:38'),(125,4,9,'B','PROGRAMAÇÃO DE APLICATIVOS MOBILE II','2022-11-09 13:46:59','2022-11-09 13:46:59'),(126,4,9,'B','INTERNET, PROTOCOLOS E SEGURANÇA DE SISTEMAS DA INFORMAÇÃO','2022-11-09 13:47:16','2022-11-09 13:47:16'),(127,4,9,'A','INTERNET, PROTOCOLOS E SEGURANÇA DE SISTEMAS DA INFORMAÇÃO','2022-11-09 13:47:20','2022-11-09 13:47:20'),(128,4,12,'A','INTERNET, PROTOCOLOS E SEGURANÇA DE SISTEMAS DA INFORMAÇÃO','2022-11-09 13:47:29','2022-11-09 13:47:29'),(129,4,12,'B','INTERNET, PROTOCOLOS E SEGURANÇA DE SISTEMAS DA INFORMAÇÃO','2022-11-09 13:47:48','2022-11-09 13:47:48'),(130,8,12,'B','SISTEMAS EMBARCADOS','2022-11-09 13:49:11','2022-11-09 13:49:11'),(131,8,12,'A','SISTEMAS EMBARCADOS','2022-11-09 13:49:15','2022-11-09 13:49:15'),(132,8,9,'A','SISTEMAS EMBARCADOS','2022-11-09 13:49:21','2022-11-09 13:49:21'),(133,8,9,'B','SISTEMAS EMBARCADOS','2022-11-09 13:49:28','2022-11-09 13:49:28'),(134,4,8,'B','PROGRAMAÇÃO DE APLICATIVOS MOBILE I','2022-11-09 13:50:28','2022-11-09 13:50:28'),(135,4,8,'A','PROGRAMAÇÃO DE APLICATIVOS MOBILE I','2022-11-09 13:50:34','2022-11-09 13:50:34'),(136,4,11,'A','PROGRAMAÇÃO DE APLICATIVOS MOBILE I','2022-11-09 13:50:38','2022-11-09 13:50:38'),(137,4,11,'B','PROGRAMAÇÃO DE APLICATIVOS MOBILE I','2022-11-09 13:50:43','2022-11-09 13:50:43'),(138,7,11,'B','DESENVOLVIMENTO DE SISTEMAS','2022-11-09 13:51:10','2022-11-09 13:51:10'),(139,7,11,'A','DESENVOLVIMENTO DE SISTEMAS','2022-11-09 13:51:15','2022-11-09 13:51:15'),(140,7,8,'A','DESENVOLVIMENTO DE SISTEMAS','2022-11-09 13:51:21','2022-11-09 13:51:21'),(141,7,8,'B','DESENVOLVIMENTO DE SISTEMAS','2022-11-09 13:51:25','2022-11-09 13:51:25'),(142,7,8,'B','DESIGN DIGITAL','2022-11-09 13:51:44','2022-11-09 13:51:44'),(143,7,8,'A','DESIGN DIGITAL','2022-11-09 13:51:49','2022-11-09 13:51:49'),(144,7,11,'A','DESIGN DIGITAL','2022-11-09 13:51:54','2022-11-09 13:51:54'),(145,7,11,'B','DESIGN DIGITAL','2022-11-09 13:52:00','2022-11-09 13:52:00'),(146,7,7,'B','ANÁLISE E PROJETO DE SISTEMAS','2022-11-09 13:57:43','2022-11-09 13:57:43'),(147,7,7,'A','ANÁLISE E PROJETO DE SISTEMAS','2022-11-09 13:57:47','2022-11-09 13:57:47'),(148,7,10,'A','ANÁLISE E PROJETO DE SISTEMAS','2022-11-09 13:57:52','2022-11-09 13:57:52'),(149,7,10,'B','ANÁLISE E PROJETO DE SISTEMAS','2022-11-09 13:57:56','2022-11-09 13:57:56'),(150,8,10,'B','FUNDAMENTOS DA INFORMÁTICA','2022-11-09 13:58:23','2022-11-09 13:58:23'),(151,8,10,'A','FUNDAMENTOS DA INFORMÁTICA','2022-11-09 13:58:27','2022-11-09 13:58:27'),(152,8,7,'A','FUNDAMENTOS DA INFORMÁTICA','2022-11-09 13:58:34','2022-11-09 13:58:34'),(153,8,7,'B','FUNDAMENTOS DA INFORMÁTICA','2022-11-09 13:58:38','2022-11-09 13:58:38'),(154,4,7,'B','TÉCNICAS DE PROGRAMAÇÃO E ALGORITMOS','2022-11-09 13:58:58','2022-11-09 13:58:58'),(155,4,7,'A','TÉCNICAS DE PROGRAMAÇÃO E ALGORITMOS','2022-11-09 13:59:01','2022-11-09 13:59:01'),(156,4,10,'A','TÉCNICAS DE PROGRAMAÇÃO E ALGORITMOS','2022-11-09 13:59:09','2022-11-09 13:59:09'),(157,4,10,'B','TÉCNICAS DE PROGRAMAÇÃO E ALGORITMOS','2022-11-09 13:59:14','2022-11-09 13:59:14'),(158,4,12,'B','PROGRAMAÇÃO WEB III','2022-11-09 14:13:46','2022-11-09 14:13:46'),(159,4,12,'A','PROGRAMAÇÃO WEB III','2022-11-09 14:13:50','2022-11-09 14:13:50'),(160,4,9,'A','PROGRAMAÇÃO WEB III','2022-11-09 14:13:54','2022-11-09 14:13:54'),(161,4,9,'B','PROGRAMAÇÃO WEB III','2022-11-09 14:13:59','2022-11-09 14:13:59');
/*!40000 ALTER TABLE `teacherClasses` ENABLE KEYS */;
UNLOCK TABLES;

--
-- Table structure for table `teacherLessons`
--

DROP TABLE IF EXISTS `teacherLessons`;
/*!40101 SET @saved_cs_client     = @@character_set_client */;
/*!50503 SET character_set_client = utf8mb4 */;
CREATE TABLE `teacherLessons` (
  `id` int NOT NULL AUTO_INCREMENT,
  `idTeacher` int NOT NULL,
  `monday` json DEFAULT NULL,
  `tuesday` json DEFAULT NULL,
  `wednesday` json DEFAULT NULL,
  `thursday` json DEFAULT NULL,
  `friday` json DEFAULT NULL,
  `createdAt` datetime NOT NULL,
  `updatedAt` datetime NOT NULL,
  PRIMARY KEY (`id`),
  KEY `teacherLessons_ibfk_1` (`idTeacher`),
  CONSTRAINT `teacherLessons_ibfk_1` FOREIGN KEY (`idTeacher`) REFERENCES `teachers` (`id`) ON DELETE CASCADE ON UPDATE CASCADE
) ENGINE=InnoDB AUTO_INCREMENT=11 DEFAULT CHARSET=utf8mb4 COLLATE=utf8mb4_0900_ai_ci;
/*!40101 SET character_set_client = @saved_cs_client */;

--
-- Dumping data for table `teacherLessons`
--

LOCK TABLES `teacherLessons` WRITE;
/*!40000 ALTER TABLE `teacherLessons` DISABLE KEYS */;
INSERT INTO `teacherLessons` VALUES (1,1,'[{\"gang\": \"\", \"lesson\": 1, \"period\": \"Matutino\", \"classBlock\": \"A\", \"classTheme\": \"LÍNGUA PORTUGUESA, LITERATURA E COMUNICAÇÃO PROFISSIONAL\", \"classNumber\": 1}, {\"gang\": \"\", \"lesson\": 2, \"period\": \"Matutino\", \"classBlock\": \"A\", \"classTheme\": \"LÍNGUA PORTUGUESA, LITERATURA E COMUNICAÇÃO PROFISSIONAL\", \"classNumber\": 1}, {\"gang\": \"\", \"lesson\": 3, \"period\": \"Matutino\", \"classBlock\": \"E\", \"classTheme\": \"FILOSOFIA\", \"classNumber\": 6}, {\"gang\": \"\", \"lesson\": 4, \"period\": \"Matutino\", \"classBlock\": \"E\", \"classTheme\": \"FILOSOFIA\", \"classNumber\": 8}, {\"gang\": \"\", \"lesson\": 5, \"period\": \"Matutino\", \"classBlock\": \"A\", \"classTheme\": \"LÍNGUA PORTUGUESA, LITERATURA E COMUNICAÇÃO PROFISSIONAL\", \"classNumber\": 2}, {\"gang\": \"\", \"lesson\": 6, \"period\": \"Matutino\", \"classBlock\": \"A\", \"classTheme\": \"LÍNGUA PORTUGUESA, LITERATURA E COMUNICAÇÃO PROFISSIONAL\", \"classNumber\": 2}]','[{\"gang\": \"\", \"lesson\": 1, \"period\": \"Matutino\", \"classBlock\": \"E\", \"classTheme\": \"HISTÓRIA\", \"classNumber\": 1}, {\"gang\": \"\", \"lesson\": 2, \"period\": \"Matutino\", \"classBlock\": \"E\", \"classTheme\": \"HISTÓRIA\", \"classNumber\": 6}, {\"gang\": \"\", \"lesson\": 3, \"period\": \"Matutino\", \"classBlock\": \"E\", \"classTheme\": \"LÍNGUA PORTUGUESA, LITERATURA E COMUNICAÇÃO PROFISSIONAL\", \"classNumber\": 1}, {\"gang\": \"\", \"lesson\": 4, \"period\": \"Matutino\", \"classBlock\": \"E\", \"classTheme\": \"LÍNGUA PORTUGUESA, LITERATURA E COMUNICAÇÃO PROFISSIONAL\", \"classNumber\": 2}, {\"gang\": \"\", \"lesson\": 6, \"period\": \"Matutino\", \"classBlock\": \"A\", \"classTheme\": \"HISTÓRIA\", \"classNumber\": 1}]','[{\"gang\": \"\", \"lesson\": 1, \"period\": \"Matutino\", \"classBlock\": \"E\", \"classTheme\": \"LÍNGUA PORTUGUESA, LITERATURA E COMUNICAÇÃO PROFISSIONAL\", \"classNumber\": 3}, {\"gang\": \"\", \"lesson\": 2, \"period\": \"Matutino\", \"classBlock\": \"E\", \"classTheme\": \"LÍNGUA PORTUGUESA, LITERATURA E COMUNICAÇÃO PROFISSIONAL\", \"classNumber\": 3}, {\"gang\": \"\", \"lesson\": 3, \"period\": \"Matutino\", \"classBlock\": \"A\", \"classTheme\": \"LÍNGUA PORTUGUESA, LITERATURA E COMUNICAÇÃO PROFISSIONAL\", \"classNumber\": 4}, {\"gang\": \"\", \"lesson\": 4, \"period\": \"Matutino\", \"classBlock\": \"A\", \"classTheme\": \"HISTÓRIA\", \"classNumber\": 2}, {\"gang\": \"\", \"lesson\": 5, \"period\": \"Matutino\", \"classBlock\": \"E\", \"classTheme\": \"FILOSOFIA\", \"classNumber\": 8}]','[{\"gang\": \"\", \"lesson\": 1, \"period\": \"Matutino\", \"classBlock\": \"E\", \"classTheme\": \"ÉTICA E CIDADANIA ORGANIZACIONAL\", \"classNumber\": 4}, {\"gang\": \"\", \"lesson\": 3, \"period\": \"Matutino\", \"classBlock\": \"A\", \"classTheme\": \"LÍNGUA PORTUGUESA, LITERATURA E COMUNICAÇÃO PROFISSIONAL\", \"classNumber\": 3}, {\"gang\": \"\", \"lesson\": 4, \"period\": \"Matutino\", \"classBlock\": \"A\", \"classTheme\": \"LÍNGUA PORTUGUESA, LITERATURA E COMUNICAÇÃO PROFISSIONAL\", \"classNumber\": 3}, {\"gang\": \"\", \"lesson\": 6, \"period\": \"Matutino\", \"classBlock\": \"E\", \"classTheme\": \"ÉTICA E CIDADANIA ORGANIZACIONAL\", \"classNumber\": 3}]','[{\"gang\": \"\", \"lesson\": 1, \"period\": \"Matutino\", \"classBlock\": \"E\", \"classTheme\": \"LÍNGUA PORTUGUESA, LITERATURA E COMUNICAÇÃO PROFISSIONAL\", \"classNumber\": 4}, {\"gang\": \"\", \"lesson\": 2, \"period\": \"Matutino\", \"classBlock\": \"E\", \"classTheme\": \"LÍNGUA PORTUGUESA, LITERATURA E COMUNICAÇÃO PROFISSIONAL\", \"classNumber\": 4}, {\"gang\": \"\", \"lesson\": 4, \"period\": \"Matutino\", \"classBlock\": \"E\", \"classTheme\": \"HISTÓRIA\", \"classNumber\": 2}, {\"gang\": \"\", \"lesson\": 5, \"period\": \"Matutino\", \"classBlock\": \"E\", \"classTheme\": \"HISTÓRIA\", \"classNumber\": 7}]','2022-11-09 02:50:38','2022-11-09 15:16:50'),(2,2,NULL,NULL,NULL,NULL,NULL,'2022-11-09 02:56:36','2022-11-09 02:56:36'),(3,3,NULL,NULL,NULL,NULL,NULL,'2022-11-09 02:58:38','2022-11-09 02:58:38'),(4,4,NULL,NULL,NULL,NULL,NULL,'2022-11-09 03:01:50','2022-11-09 03:01:50'),(5,5,NULL,NULL,NULL,NULL,NULL,'2022-11-09 03:05:28','2022-11-09 03:05:28'),(6,6,NULL,NULL,NULL,NULL,NULL,'2022-11-09 03:09:25','2022-11-09 03:09:25'),(7,7,'[{\"gang\": \"A\", \"lesson\": 1, \"period\": \"Matutino\", \"classBlock\": \"A\", \"classTheme\": \"BANCO DE DADOS I\", \"classNumber\": 3}, {\"gang\": \"B\", \"lesson\": 2, \"period\": \"Matutino\", \"classBlock\": \"A\", \"classTheme\": \"BANCO DE DADOS I\", \"classNumber\": 3}, {\"gang\": \"A\", \"lesson\": 3, \"period\": \"Matutino\", \"classBlock\": \"A\", \"classTheme\": \"BANCO DE DADOS I\", \"classNumber\": 4}, {\"gang\": \"B\", \"lesson\": 4, \"period\": \"Matutino\", \"classBlock\": \"A\", \"classTheme\": \"BANCO DE DADOS I\", \"classNumber\": 4}, {\"gang\": \"A\", \"lesson\": 5, \"period\": \"Matutino\", \"classBlock\": \"E\", \"classTheme\": \"BANCO DE DADOS II\", \"classNumber\": 3}, {\"gang\": \"B\", \"lesson\": 6, \"period\": \"Matutino\", \"classBlock\": \"E\", \"classTheme\": \"BANCO DE DADOS II\", \"classNumber\": 3}]','[{\"gang\": \"A\", \"lesson\": 1, \"period\": \"Matutino\", \"classBlock\": \"E\", \"classTheme\": \"QUALIDADE E TESTE DE SOFTWARE\", \"classNumber\": 8}, {\"gang\": \"B\", \"lesson\": 2, \"period\": \"Matutino\", \"classBlock\": \"E\", \"classTheme\": \"QUALIDADE E TESTE DE SOFTWARE\", \"classNumber\": 8}, {\"gang\": \"A\", \"lesson\": 3, \"period\": \"Matutino\", \"classBlock\": \"E\", \"classTheme\": \"BANCO DE DADOS II\", \"classNumber\": 4}, {\"gang\": \"B\", \"lesson\": 4, \"period\": \"Matutino\", \"classBlock\": \"E\", \"classTheme\": \"BANCO DE DADOS II\", \"classNumber\": 4}, {\"gang\": \"A\", \"lesson\": 5, \"period\": \"Matutino\", \"classBlock\": \"E\", \"classTheme\": \"QUALIDADE E TESTE DE SOFTWARE\", \"classNumber\": 9}, {\"gang\": \"B\", \"lesson\": 6, \"period\": \"Matutino\", \"classBlock\": \"E\", \"classTheme\": \"QUALIDADE E TESTE DE SOFTWARE\", \"classNumber\": 9}]','[{\"gang\": \"\", \"lesson\": 1, \"period\": \"Matutino\", \"classBlock\": \"E\", \"classTheme\": \"PLANEJAMENTO E DESENVOLVIMENTO DO TCC EM DESENVOLVIMENTO DE SISTEMAS\", \"classNumber\": 8}, {\"gang\": \"\", \"lesson\": 2, \"period\": \"Matutino\", \"classBlock\": \"E\", \"classTheme\": \"PLANEJAMENTO E DESENVOLVIMENTO DO TCC EM DESENVOLVIMENTO DE SISTEMAS\", \"classNumber\": 8}, {\"gang\": \"A\", \"lesson\": 3, \"period\": \"Matutino\", \"classBlock\": \"E\", \"classTheme\": \"DESENVOLVIMENTO DE SISTEMAS\", \"classNumber\": 3}, {\"gang\": \"B\", \"lesson\": 4, \"period\": \"Matutino\", \"classBlock\": \"E\", \"classTheme\": \"DESENVOLVIMENTO DE SISTEMAS\", \"classNumber\": 3}, {\"gang\": \"\", \"lesson\": 6, \"period\": \"Matutino\", \"classBlock\": \"E\", \"classTheme\": \"PLANEJAMENTO E DESENVOLVIMENTO DO TCC EM DESENVOLVIMENTO DE SISTEMAS\", \"classNumber\": 8}]','[{\"gang\": \"A\", \"lesson\": 1, \"period\": \"Matutino\", \"classBlock\": \"E\", \"classTheme\": \"DESENVOLVIMENTO DE SISTEMAS\", \"classNumber\": 4}, {\"gang\": \"B\", \"lesson\": 3, \"period\": \"Matutino\", \"classBlock\": \"E\", \"classTheme\": \"DESENVOLVIMENTO DE SISTEMAS\", \"classNumber\": 4}, {\"gang\": \"A\", \"lesson\": 4, \"period\": \"Matutino\", \"classBlock\": \"E\", \"classTheme\": \"DESIGN DIGITAL\", \"classNumber\": 3}, {\"gang\": \"B\", \"lesson\": 6, \"period\": \"Matutino\", \"classBlock\": \"E\", \"classTheme\": \"DESIGN DIGITAL\", \"classNumber\": 3}]','[{\"gang\": \"A\", \"lesson\": 1, \"period\": \"Matutino\", \"classBlock\": \"E\", \"classTheme\": \"DESIGN DIGITAL\", \"classNumber\": 4}, {\"gang\": \"B\", \"lesson\": 2, \"period\": \"Matutino\", \"classBlock\": \"E\", \"classTheme\": \"DESIGN DIGITAL\", \"classNumber\": 4}, {\"gang\": \"A\", \"lesson\": 3, \"period\": \"Matutino\", \"classBlock\": \"A\", \"classTheme\": \"ANÁLISE E PROJETO DE SISTEMAS\", \"classNumber\": 3}, {\"gang\": \"B\", \"lesson\": 4, \"period\": \"Matutino\", \"classBlock\": \"A\", \"classTheme\": \"ANÁLISE E PROJETO DE SISTEMAS\", \"classNumber\": 3}, {\"gang\": \"A\", \"lesson\": 5, \"period\": \"Matutino\", \"classBlock\": \"A\", \"classTheme\": \"ANÁLISE E PROJETO DE SISTEMAS\", \"classNumber\": 4}, {\"gang\": \"B\", \"lesson\": 6, \"period\": \"Matutino\", \"classBlock\": \"A\", \"classTheme\": \"ANÁLISE E PROJETO DE SISTEMAS\", \"classNumber\": 4}]','2022-11-09 03:11:34','2022-11-09 15:42:26'),(8,8,NULL,NULL,NULL,NULL,NULL,'2022-11-09 03:15:11','2022-11-09 03:15:11'),(9,9,NULL,NULL,NULL,NULL,NULL,'2022-11-09 03:18:31','2022-11-09 03:18:31'),(10,10,NULL,NULL,NULL,NULL,NULL,'2022-11-09 03:21:03','2022-11-09 03:21:03');
/*!40000 ALTER TABLE `teacherLessons` ENABLE KEYS */;
UNLOCK TABLES;

--
-- Table structure for table `teachers`
--

DROP TABLE IF EXISTS `teachers`;
/*!40101 SET @saved_cs_client     = @@character_set_client */;
/*!50503 SET character_set_client = utf8mb4 */;
CREATE TABLE `teachers` (
  `id` int NOT NULL AUTO_INCREMENT,
  `idUser` int NOT NULL,
  `speciality` varchar(255) NOT NULL,
  `createdAt` datetime NOT NULL,
  `updatedAt` datetime NOT NULL,
  PRIMARY KEY (`id`),
  KEY `Teachers_fk0` (`idUser`) USING BTREE,
  CONSTRAINT `teachers_ibfk_1` FOREIGN KEY (`idUser`) REFERENCES `users` (`id`) ON DELETE CASCADE ON UPDATE CASCADE
) ENGINE=InnoDB AUTO_INCREMENT=11 DEFAULT CHARSET=utf8mb4 COLLATE=utf8mb4_0900_ai_ci;
/*!40101 SET character_set_client = @saved_cs_client */;

--
-- Dumping data for table `teachers`
--

LOCK TABLES `teachers` WRITE;
/*!40000 ALTER TABLE `teachers` DISABLE KEYS */;
INSERT INTO `teachers` VALUES (1,2,'Formado em Letras, Formado em Filosofia','2022-11-09 02:50:38','2022-11-09 02:50:38'),(2,3,'Bacharel em Matemática, Doutor em Física','2022-11-09 02:56:36','2022-11-09 02:56:36'),(3,4,'Formado em Quimica, Formado em Geografia','2022-11-09 02:58:37','2022-11-09 02:58:37'),(4,5,'Formada em Ciências da Computação, Bacharel em Inteligência Artificial','2022-11-09 03:01:50','2022-11-09 03:01:50'),(5,6,'Bacharel em Biologia, Bacharel em Letras, Formada na Wizard','2022-11-09 03:05:28','2022-11-09 03:05:28'),(6,7,'Doutorado em Sociologia','2022-11-09 03:09:25','2022-11-09 03:09:25'),(7,8,'Doutorado em Engenharia de Software, com especialização em Big Data','2022-11-09 03:11:33','2022-11-09 03:11:33'),(8,9,'Formado em Ciências da Computação, Plêno em UX e UI','2022-11-09 03:15:11','2022-11-09 03:15:11'),(9,10,'Formado em Artes, Formado na Wizard','2022-11-09 03:18:31','2022-11-09 03:18:31'),(10,11,'Formada em Educação fisica','2022-11-09 03:21:02','2022-11-09 03:21:02');
/*!40000 ALTER TABLE `teachers` ENABLE KEYS */;
UNLOCK TABLES;

--
-- Table structure for table `users`
--

DROP TABLE IF EXISTS `users`;
/*!40101 SET @saved_cs_client     = @@character_set_client */;
/*!50503 SET character_set_client = utf8mb4 */;
CREATE TABLE `users` (
  `id` int NOT NULL AUTO_INCREMENT,
  `idInstitution` int NOT NULL,
  `name` varchar(255) NOT NULL,
  `password` varchar(255) NOT NULL,
  `cpf` varchar(255) NOT NULL,
  `rg` varchar(255) NOT NULL,
  `email` varchar(255) NOT NULL,
  `phone` varchar(255) NOT NULL,
  `street` varchar(255) NOT NULL,
  `number` int NOT NULL,
  `district` varchar(255) NOT NULL,
  `complement` varchar(255) DEFAULT NULL,
  `city` varchar(255) NOT NULL,
  `createdAt` datetime NOT NULL,
  `updatedAt` datetime NOT NULL,
  `resetPassword` varchar(255) DEFAULT NULL,
  `idRole` int NOT NULL,
  `avatarKey` varchar(255) NOT NULL,
  `genre` varchar(255) NOT NULL,
  `birthDate` datetime NOT NULL,
  `CEP` varchar(255) NOT NULL,
  PRIMARY KEY (`id`),
  UNIQUE KEY `email` (`email`),
  UNIQUE KEY `cpf` (`cpf`),
  KEY `Users_fk0` (`idInstitution`) USING BTREE,
  KEY `users_ibfk_2` (`idRole`),
  CONSTRAINT `users_ibfk_1` FOREIGN KEY (`idInstitution`) REFERENCES `institution` (`id`) ON DELETE CASCADE ON UPDATE CASCADE,
  CONSTRAINT `users_ibfk_2` FOREIGN KEY (`idRole`) REFERENCES `roles` (`id`) ON DELETE CASCADE ON UPDATE CASCADE
) ENGINE=InnoDB AUTO_INCREMENT=36 DEFAULT CHARSET=utf8mb4 COLLATE=utf8mb4_0900_ai_ci;
/*!40101 SET character_set_client = @saved_cs_client */;

--
-- Dumping data for table `users`
--

LOCK TABLES `users` WRITE;
/*!40000 ALTER TABLE `users` DISABLE KEYS */;
INSERT INTO `users` VALUES (1,1,'Admin','$2b$10$FVhTiHhn5PDn/DavHwuXJugP5Cr1zzlctqEes8wrlcUBx20/Vel.u','00847416003','114526369','tccsaga2022@gmail.com','18000000000','Rua Admin',0,'Centro',NULL,'Adamantina','2022-11-09 01:02:57','2022-11-09 02:02:11','eyJhbGciOiJIUzI1NiIsInR5cCI6IkpXVCJ9.eyJpZFVzZXIiOjEsImlhdCI6MTY2Nzk1OTMzMSwiZXhwIjoxNjY3OTcwMTMxfQ.vVfOD-B5CXQjX7RFqv7NKkR9mHvIIZdHYzLQLhdqmS4',1,'Avatar-1663931680811-defaultAvatar.png','Masculino','1970-01-01 00:00:00','17800000'),(2,1,'Fernando Cunha','$2b$10$cbUXt8zMfZ8lhUdcvxLu5uAiAmjpPEGxHFWQ7.zdvwhdGFV2JNc26','06022479002','374500022','ripadob317@keshitv.com','1826145328','Rua Belo Horizonte',7001,'São José',NULL,'Mariápolis','2022-11-09 02:50:38','2022-11-09 02:50:38',NULL,4,'Avatar-1663931680811-defaultAvatar.png','Masculino','1970-01-01 00:00:00','17800000'),(3,1,'Theo Moreira','$2b$10$pMg0.6fsAaPbQLHDlFILfuKiz.iUZsJlsEjpKMva.fqyeIpK9KsYq','74529079066','341001016','foyosob525@ktasy.com','1821381644','Rua Quinze de Novembro',7696,'Industrial',NULL,'Adamantina','2022-11-09 02:56:36','2022-11-09 02:56:36',NULL,4,'Avatar-1663931680811-defaultAvatar.png','Masculino','1970-01-01 00:00:00','17800000'),(4,1,'Juan Gonçalves','$2b$10$fh5EKFncqBhCo9RAgfZygOT4U.dBrrBxYAQM8NXZAq9LNBC6rxDq.','01982441003','345166267','diwawor870@hostovz.com','1836714636','Rua Santos Dumont',514,'São Cristóvão',NULL,'Adamantina','2022-11-09 02:58:37','2022-11-09 02:58:37',NULL,4,'Avatar-1663931680811-defaultAvatar.png','Masculino','1970-01-01 00:00:00','17800000'),(5,1,'Emanuella Mendes','$2b$10$j6IieOjdqKqSfiztRZXKfujY.zceYANgTQuQbqGNkm.Y0fnntM3Ka','34360121067','195881291','hayevok520@keshitv.com','1828259128','Avenida Santo Antônio',795,'Universitário',NULL,'Adamantina','2022-11-09 03:01:50','2022-11-09 03:01:50',NULL,4,'Avatar-1663931680811-defaultAvatar.png','Feminino','1970-01-01 00:00:00','17800000'),(6,1,'Ana Lívia Rezende','$2b$10$zlwIdF8lJm74TzUKI/HmxO2KtK616UI0rYoUTc6vo2xWAf7oNW9TW','10289717027','190173142','jebon28849@hostovz.com','1736225315','Rua Primeiro de Maio',318,'Vila Nova',NULL,'Adamantina','2022-11-09 03:05:27','2022-11-09 03:05:27',NULL,4,'Avatar-1663931680811-defaultAvatar.png','Feminino','1970-01-01 00:00:00','17800000'),(7,1,'Vitor Gabriel Nunes','$2b$10$CQms.eaAr40hN7piZCJBqOaAoKfKbDlQ3qaoU6fX6v.AITgsiUmza','37836731006','476529098','beles74596@keshitv.com','1833144784','Rua José da Silva',587,'Residêncial Barcelona',NULL,'Adamantina','2022-11-09 03:09:25','2022-11-09 03:09:25',NULL,4,'Avatar-1663931680811-defaultAvatar.png','Masculino','1970-01-01 00:00:00','17800000'),(8,1,'Henrique Ramos','$2b$10$82zPSvzhpVvrpXQZeLiLt.u./Xll5wUS90cqPhKM1YbD3jsBYpeCy','72169343008','201028190','kakolix952@ktasy.com','1828085124','Avenida Castro Alves',632,'Centro',NULL,'Flórida Paulista','2022-11-09 03:11:33','2022-11-09 03:11:33',NULL,4,'Avatar-1663931680811-defaultAvatar.png','Masculino','1970-01-01 00:00:00','17800000'),(9,1,'Pedro Henrique Bittencourt','$2b$10$f52sDvK7GInZJywioEpj8.3YTWcHuPo55I5WYN5/XwWIvXDQ4WAFe','98671485099','366073151','kipig54686@hoxds.com','1124511411','Rua Josefina Antunes',14,'Beira Rio',NULL,'Lucélia','2022-11-09 03:15:11','2022-11-09 03:15:11',NULL,4,'Avatar-1663931680811-defaultAvatar.png','Masculino','1970-01-01 00:00:00','17800000'),(10,1,'Yago Cardoso','$2b$10$OWTFZeRuKLbH2/O6qOQ1YuKjB2287Q2b.YWFKl3A7nApa/JKaYVPu','17722482074','147630125','nacaha6581@keshitv.com','1837348534','Rua Luis Perrin',543,'Jardim Adamantina',NULL,'Adamantina','2022-11-09 03:18:31','2022-11-09 03:18:31',NULL,4,'Avatar-1663931680811-defaultAvatar.png','Masculino','1970-01-01 00:00:00','17800000'),(11,1,'Stephany Barros','$2b$10$07C247sNduUqIzMmO81v3OCics2C8ukrYZU2ksj6LBcU9bcw4wXLW','58541599027','418676537','forico4966@hoxds.com','1825658017','Rua Santa Maria',844,'Residencial Portugal',NULL,'Adamantina','2022-11-09 03:21:02','2022-11-09 03:21:02',NULL,4,'Avatar-1663931680811-defaultAvatar.png','Feminino','1970-01-01 00:00:00','17800000'),(12,1,'Helena Costa','$2b$10$DjWv.rYbxvYly21X.I347.Gd9DOLibWwtXTjSbwmmoEX9nbzyP6PC','99123315083','397686638','vawoley214@keshitv.com','1724363063','Quatorze',8648,'São Cristóvão','','São Carlos','2022-11-09 17:07:43','2022-11-09 17:07:43',NULL,6,'Avatar-1668013663338-1.jpg','Feminino','2022-11-08 21:27:59','17800000'),(13,1,'Bárbara Moreira','$2b$10$IRhbsngSLDvF9V3NxFpW8uxWOHG5Rh9s2zKlAJHBMjjwpGhew9PE2','11289244049','388802273','temeho5778@lidely.com','1138672663','Rua Sete de Setembro',5928,'Santa Catarina','Bloco 7','Jaraguá do Sul','2022-11-09 17:13:53','2022-11-09 17:13:53',NULL,6,'Avatar-1663931764628-defaultAvatarUser.jpg','Feminino','2022-11-08 21:27:59','17800000'),(14,1,'Letícia Moraes','$2b$10$OnjqBgQo0cUXd4NqidDju.ZFKLHWVKOzQtKihnM4d6qOF713GuYGS','13235014012','100716921','xihano5884@lidely.com','1536144758','Rua São Jorge',4755,'Bela Vista','Terreo 5','Boa Vista','2022-11-09 17:19:37','2022-11-09 17:19:37',NULL,6,'Avatar-1663931764628-defaultAvatarUser.jpg','Feminino','2022-11-08 21:27:59','17800000'),(16,1,'Gabriela Fernandes','$2b$10$Kvf0M08R5jPDNdmsYJmXwOxyAkEiM4taoNx3.b3IPUdYDQqqDXOeK','71817418025','142857361','yojiv26460@lidely.com','1524258975','Rua Alagoas',1641,'Bela Vista','Aeroporto 6','Parnaíba','2022-11-09 17:23:02','2022-11-09 17:23:02',NULL,6,'Avatar-1663931764628-defaultAvatarUser.jpg','Feminino','2022-11-08 21:27:59','17800000'),(17,1,'Arthur Pinto','$2b$10$aRCcsNOatOsfBjoBg69vnOVJ.QjsNRzvu9JhC3JtGiogleRuNzro2','48072271067','395855895','behov16611@lidely.com','1427317843','Rua Vinte',8149,'Centro','Loja 2','Coronel Fabriciano','2022-11-09 17:25:54','2022-11-09 17:25:54',NULL,6,'Avatar-1663931764628-defaultAvatarUser.jpg','Masculino','2022-11-08 21:27:59','17800000'),(18,1,'Fernanda Cardoso','$2b$10$5RC2YBXya/Xr2mRlRvTq3OCPUfYAbA1lAYBb0uza1JvFsWxKnnLRm','02715248040','214448496','dajika5616@lance7.com','1422257855','Rua Belo Horizonte',9285,'São Francisco','Portão 9','Lagarto','2022-11-09 17:28:31','2022-11-09 17:28:31',NULL,6,'Avatar-1663931764628-defaultAvatarUser.jpg','Feminino','2022-11-08 21:27:59','17800000'),(19,1,'Levi Moreira','$2b$10$GoZmnWuKdfaxJZajflZwa.ZAkl/RAQrUMbrtUYdRnAZh9KjQKBp5G','90197420001','458248721','pewabik499@lance7.com','1838134552','Rua São Paulo',807,'Boa Vista','Bloco 10','Rio Grande','2022-11-09 17:31:53','2022-11-09 17:31:53',NULL,6,'Avatar-1663931764628-defaultAvatarUser.jpg','Masculino','2022-11-08 21:27:59','17800000'),(26,1,'Maria Cecília Araújo','$2b$10$nlhTBNRKUpQrdzxrMSU6x.qxaE6915Cq4xP2xMGj9uVgDNy8k8lq2','26879723047','228661092','vejov83820@pamaweb.com','1631404554','Rua Vinte e Dois',3910,'Planalto','Sala 8','Pouso Alegre','2022-11-09 17:36:00','2022-11-09 17:36:00',NULL,6,'Avatar-1663931764628-defaultAvatarUser.jpg','Feminino','2022-11-08 21:27:59','17800000'),(27,1,'Benício Duarte','$2b$10$HOKRfGRWBta4vYlkH20y8uv8H1g86KYgt6MeoRZUnTWLwc.uDXVmO','99551466055','359131621','gewoxo8621@pamaweb.com','1135186470','Rua São Luiz',7115,'São Francisco','Bloco 7','Boa Vista','2022-11-09 17:51:18','2022-11-09 17:51:18',NULL,6,'Avatar-1663931764628-defaultAvatarUser.jpg','Masculino','2022-11-08 21:27:59','17800000'),(28,1,'Heitor Caldeira','$2b$10$UCPg.6kedTKaZhpqIHOc3O1VrsOfUIlEwtU6CL9E5lgzO.FRtJK2C','15384612002','141576273','hirac55628@lance7.com','1826326811','Rua Vitória',2231,'São Cristóvão','Bloco 6','São Luís','2022-11-09 17:54:00','2022-11-09 17:54:00',NULL,6,'Avatar-1663931764628-defaultAvatarUser.jpg','Masculino','2022-11-08 21:27:59','17800000'),(29,1,'Laís Peixoto','$2b$10$wbxiMmngLPl7kT7fjf.wV.Z2pHNhhCFIasCgGzPz2rtVazUn3zzu2','41672245001','129790734','gibon38738@sopulit.com','1728177121','Rua das Flores',6925,'Centro','Quadra 9','Açailândia','2022-11-09 17:57:26','2022-11-09 17:57:26',NULL,6,'Avatar-1663931764628-defaultAvatarUser.jpg','Feminino','2022-11-08 21:27:59','17800000'),(30,1,'Lucas da Mata','$2b$10$2j6AXTFIig5hFEgM1pbCVOLOuYfK3kDy.2ICoekJo6aMQE8qDp2Li','47399104034','298625131','nekapov934@lance7.com','1822332313','Rua Santa Rita',9654,'Vila Nova','Bloco 1','Caucaia','2022-11-09 18:00:11','2022-11-09 18:00:11',NULL,6,'Avatar-1663931764628-defaultAvatarUser.jpg','Masculino','2022-11-08 21:27:59','17800000'),(31,1,'Maitê da Mota','$2b$10$QDQjJJzcGWUOnovvRu5eiOhUOsUkQkRUsbax09TSBCn7jFlYouTYm','34865699023','261005455','sisape3727@lance7.com','1536888230','Rua Sergipe',828,'Vila Nova','Portão 10','Dourados','2022-11-09 18:03:30','2022-11-09 18:03:30',NULL,6,'Avatar-1663931764628-defaultAvatarUser.jpg','Feminino','2022-11-08 21:27:59','17800000'),(32,1,'Gustavo Henrique Costa','$2b$10$EExQ0sZkoIm9q3nGlGGCTOiq5E63dLUCgiIbJkQIWwSs16vhCfqQK','24961871060','337025526','fexerap906@sopulit.com','1825649345','Rua Dezessete',7512,'São Francisco','Galpão 1','Cachoeirinha','2022-11-09 18:05:57','2022-11-09 18:05:57',NULL,6,'Avatar-1663931764628-defaultAvatarUser.jpg','Masculino','2022-11-08 21:27:59','17800000'),(33,1,'Nicole Testa','$2b$10$JvYE0JGkn.bmMigzIti.0O/snl.rGsMrn6XMvhfd/FHcxX5COYYWy','72985076056','211711184','sosepi1508@lidely.com','1725542907','Rua São João',6990,'Planalto','Galeria 4','Mossoró','2022-11-09 18:09:18','2022-11-09 18:09:18',NULL,6,'Avatar-1663931764628-defaultAvatarUser.jpg','Feminino','2022-11-08 21:27:59','17800000'),(34,1,'Antônio Rezende','$2b$10$T77ncpG1A0jDG.6e9ufmgOIQ.l/36N0Vcg//EZyfikb0cMJXgz/6e','62394402059','254741988','moniwop879@pamaweb.com','1734123670','Rua São Pedro',9440,'São Francisco','Fazenda 4','Divinópolis','2022-11-09 18:11:34','2022-11-09 18:11:34',NULL,6,'Avatar-1663931764628-defaultAvatarUser.jpg','Masculino','2022-11-08 21:27:59','17800000'),(35,1,'João Vitor Araújo','$2b$10$PzLwKc5uu7FEjoxjftS8huwiUCnRbnasaC38OZM5cf7F3/CzIpTPG','00284634042','508472945','hilon96980@pamaweb.com','1738182932','Rua Vinte',7986,'Industrial','Conjunto 3','Campo Grande','2022-11-09 18:13:31','2022-11-09 18:13:31',NULL,6,'Avatar-1663931764628-defaultAvatarUser.jpg','Masculino','2022-11-08 21:27:59','17800000');
/*!40000 ALTER TABLE `users` ENABLE KEYS */;
UNLOCK TABLES;
SET @@SESSION.SQL_LOG_BIN = @MYSQLDUMP_TEMP_LOG_BIN;
/*!40103 SET TIME_ZONE=@OLD_TIME_ZONE */;

/*!40101 SET SQL_MODE=@OLD_SQL_MODE */;
/*!40014 SET FOREIGN_KEY_CHECKS=@OLD_FOREIGN_KEY_CHECKS */;
/*!40014 SET UNIQUE_CHECKS=@OLD_UNIQUE_CHECKS */;
/*!40101 SET CHARACTER_SET_CLIENT=@OLD_CHARACTER_SET_CLIENT */;
/*!40101 SET CHARACTER_SET_RESULTS=@OLD_CHARACTER_SET_RESULTS */;
/*!40101 SET COLLATION_CONNECTION=@OLD_COLLATION_CONNECTION */;
/*!40111 SET SQL_NOTES=@OLD_SQL_NOTES */;

-- Dump completed on 2022-11-09 18:38:36
